SMILES,ID,pIC50,class
OC(Cn1cncn1)(Cn1cncn1)c1ccc(F)cc1F,CHEMBL106,3.7,inactive
O=c1c2ccccc2oc2cccc(Cn3ccnc3)c12,CHEMBL1083652,6.06,intermediate
O=C(NCc1cccnc1)C12CC3CC(CC(C3)C1)C2,CHEMBL109347,4.74,inactive
C[C@H](NC(=O)C12CC3CC(CC(C3)C1)C2)c1ccncc1,CHEMBL110257,6.68,intermediate
C[C@H](OC(=O)C12CC3CC(CC(C3)C1)C2)c1ccncc1,CHEMBL110524,8.74,potent
C[C@@H](OC(=O)C12CC3CC(CC(C3)C1)C2)c1ccncc1,CHEMBL112292,7.13,active
C[C@H](OC(=O)C12CC3CC(CC(C3)C1)C2)c1cccnc1,CHEMBL112509,6.64,intermediate
CC(C)(OC(=O)C12CC3CC(CC(C3)C1)C2)c1ccncc1,CHEMBL112908,8.57,potent
O=C(OCc1ccncc1)C12CC3CC(CC(C3)C1)C2,CHEMBL113242,7.74,active
O=C(OCc1cccnc1)C12CC3CC(CC(C3)C1)C2,CHEMBL113647,6.34,intermediate
C[C@@H](NC(=O)C12CC3CC(CC(C3)C1)C2)c1ccncc1,CHEMBL114019,6.37,intermediate
O=C(NCc1ccncc1)C12CC3CC(CC(C3)C1)C2,CHEMBL114447,5.8,inactive
Nc1cccc(-c2ccc(Cc3ccncc3)cc2)c1,CHEMBL1171987,6.65,intermediate
CC(C)=C(c1ccncc1)c1ccc(-c2ccc(N)c(N)c2)cc1,CHEMBL1171991,7.12,active
CC(C)C(c1ccncc1)c1ccc(-c2cccc(O)c2)cc1,CHEMBL1172559,6.11,intermediate
Oc1ccc(-c2ccc(Cc3ccncc3)cc2)cc1O,CHEMBL1172779,7.28,active
CC(C)=C(c1ccncc1)c1ccc(-c2ccc3cc(O)ccc3c2)cc1,CHEMBL1172842,7.21,active
CC(C)=C(c1ccncc1)c1ccc(-c2ccc(O)c(O)c2)cc1,CHEMBL1172847,7.43,active
Oc1cccc(-c2ccc(Cc3ccncc3)cc2)c1,CHEMBL1172882,7.01,active
CCC(c1ccncc1)c1ccc(-c2cccc(O)c2)cc1,CHEMBL1172883,6.72,intermediate
CC(C)=C(c1ccncc1)c1ccc(-c2cccc(O)c2)cc1,CHEMBL1173259,7.25,active
Oc1ccc(-c2ccc(Cc3ccncc3)cc2)cc1F,CHEMBL1173260,6.73,intermediate
CCC(c1ccncc1)c1ccc(-c2ccc(O)c(F)c2)cc1,CHEMBL1173261,6.46,intermediate
CC(C)=C(c1ccncc1)c1ccc(-c2cccc(N)c2)cc1,CHEMBL1173326,7.42,active
Nc1ccc(-c2ccc(Cc3ccncc3)cc2)cc1N,CHEMBL1173327,6.47,intermediate
CC(C)=C(c1ccncc1)c1ccc(-c2ccc(O)c(F)c2)cc1,CHEMBL1173335,7.12,active
CC(C)=C(c1ccncc1)c1ccc(-c2cccc(NC(=O)OC(C)(C)C)c2)cc1,CHEMBL1173726,5.84,inactive
CC(C)=C(c1ccncc1)c1ccc(-c2ccc(NC(=O)OC(C)(C)C)cc2)cc1,CHEMBL1173727,6.31,intermediate
CC(C)=C(c1ccncc1)c1ccc(-c2ccc(NC(=O)OC(C)(C)C)c(F)c2)cc1,CHEMBL1173795,6.07,intermediate
CC(C)=C(c1ccncc1)c1ccc(-c2ccc(NC(=O)OC(C)(C)C)c(NC(=O)OC(C)(C)C)c2)cc1,CHEMBL1173796,5,inactive
Fc1ccc(-c2ccc(Cc3ccncc3)cc2)cc1F,CHEMBL1214660,6.22,intermediate
COc1ccc(-c2ccc(Cc3ccncc3)cc2)cc1F,CHEMBL1214661,5.48,inactive
CC(C)(C)OC(=O)Nc1ccc(-c2ccc(Cc3ccncc3)cc2)cc1,CHEMBL1214662,5.86,inactive
CC(C)(C)OC(=O)Nc1ccc(-c2ccc(Cc3ccncc3)cc2)cc1F,CHEMBL1214663,5,inactive
CC(C)(C)OC(=O)Nc1ccc(-c2ccc(Cc3ccncc3)cc2)cc1NC(=O)OC(C)(C)C,CHEMBL1214664,5,inactive
COc1ccc(-c2ccc(Cc3ccncc3)cc2)cc1NC(=O)OC(C)(C)C,CHEMBL1214734,5,inactive
c1cc(Cc2ccc(-c3ccsc3)cc2)ccn1,CHEMBL1214735,6.24,intermediate
c1csc(-c2ccc(Cc3ccncc3)cc2)c1,CHEMBL1214736,6.19,intermediate
c1cc(Cc2ccc(-c3ccc4[nH]ccc4c3)cc2)ccn1,CHEMBL1214737,6.12,intermediate
COc1ccc2cc(-c3ccc(Cc4ccncc4)cc3)ccc2c1,CHEMBL1214738,5.7,inactive
Oc1ccc2cc(-c3ccc(Cc4ccncc4)cc3)ccc2c1,CHEMBL1214739,6.36,intermediate
CCC(c1ccc(-c2ccc(OC)cc2)cc1)c1cccnc1,CHEMBL1215595,5.3,inactive
CCC(c1ccncc1)c1ccc(-c2ccc(OC)cc2)cc1,CHEMBL1215596,5.79,inactive
Oc1ccc(-c2ccc(C(O)n3ccnc3)cc2)cc1,CHEMBL1215662,5.3,inactive
Oc1ccc(-c2ccc(C(O)c3cccnc3)cc2)cc1,CHEMBL1215663,5.39,inactive
Oc1ccc(-c2ccc(C(O)c3ccncc3)cc2)cc1,CHEMBL1215664,6.61,intermediate
Nc1ccc(-c2ccc(Cc3ccncc3)cc2)cc1,CHEMBL1215665,6.39,intermediate
CC(=O)Nc1ccc(-c2ccc(Cc3ccncc3)cc2)cc1,CHEMBL1215729,5.3,inactive
CC(=O)Nc1cccc(-c2ccc(Cc3ccncc3)cc2)c1,CHEMBL1215730,6.06,intermediate
NC(=O)c1ccc(-c2ccc(Cc3ccncc3)cc2)cc1,CHEMBL1215731,5.75,inactive
Fc1cccc(-c2ccc(Cc3ccncc3)cc2)c1,CHEMBL1215732,6.41,intermediate
C[C@@H]1C(OC(=O)Cc2cccnc2)CC2CC1C2(C)C,CHEMBL131984,7.06,active
CC(C(=O)OC1CC2CC([C@@H]1C)C2(C)C)c1cccnc1,CHEMBL132066,7.85,active
C[C@@H]1C(OC(=O)Cc2ccncc2)CC2CC1C2(C)C,CHEMBL132072,8.3,potent
CCC(CC)(C(=O)OC1CC2CC([C@@H]1C)C2(C)C)c1ccncc1,CHEMBL132380,7.46,active
CC(C(=O)OC1CC2CC([C@@H]1C)C2(C)C)c1ccncc1,CHEMBL133724,8.22,potent
CC(C)(C(=O)OC12CC3CC(CC(C3)C1)C2)c1cccnc1,CHEMBL134169,7.89,active
C[C@@H]1CCC2C(C)(C)C3CC21CC[C@@]3(C)OC(=O)Cc1ccncc1,CHEMBL134442,7.28,active
CC(C(=O)OC12CC3CC(CC(C3)C1)C2)c1cccnc1,CHEMBL134509,7.46,active
C[C@@H]1C(OC(=O)Cc2ccccn2)CC2CC1C2(C)C,CHEMBL134748,6,inactive
O=C(Cc1cccnc1)OC12CC3CC(CC(C3)C1)C2,CHEMBL135037,6.89,intermediate
C[C@@H]1C(OC(=O)C(C)(C)c2ccncc2)CC2CC1C2(C)C,CHEMBL135070,8,potent
C[C@@H]1CCC2C(C)(C)C3CC21CC[C@@]3(C)OC(=O)Cc1cccnc1,CHEMBL135095,7.42,active
CC[C@@H]([C@H](C)O)n1ncn(-c2ccc(N3CCN(c4ccc(OC[C@@H]5CO[C@@](Cn6cncn6)(c6ccc(F)cc6F)C5)cc4)CC3)cc2)c1=O,CHEMBL1397,7.38,active
CC1(C)CC(=O)c2c(noc2-c2ccccc2)C1,CHEMBL1490952,4.5,inactive
CC(=O)N1CCN(c2ccc(OCC3COC(Cn4ccnc4)(c4ccc(Cl)cc4Cl)O3)cc2)CC1,CHEMBL157101,7.59,active
COc1ccc2cc([C@](O)(c3c[nH]cn3)C(C)C)ccc2c1,CHEMBL1682887,7.55,active
CC(=O)c1ccc2cc(C(O)(c3c[nH]cn3)C(C)C)ccc2c1,CHEMBL1682888,7.55,active
CC(=O)Nc1ccc2cc(C(O)(c3c[nH]cn3)C(C)C)ccc2c1,CHEMBL1682889,7.41,active
CNC(=O)Nc1ccc2cc(C(O)(c3c[nH]cn3)C(C)C)ccc2c1,CHEMBL1682890,7.44,active
COC(=O)c1ccc2cc(C(O)(c3c[nH]cn3)C(C)C)ccc2c1,CHEMBL1682891,7.62,active
CC(C)C(O)(c1ccc2cc(C(N)=O)ccc2c1)c1c[nH]cn1,CHEMBL1682892,7.52,active
CNC(=O)c1ccc2cc(C(O)(c3c[nH]cn3)C(C)C)ccc2c1,CHEMBL1682893,7.8,active
CCNC(=O)c1ccc2cc(C(O)(c3c[nH]cn3)C(C)C)ccc2c1,CHEMBL1682894,7.34,active
CCCNC(=O)c1ccc2cc(C(O)(c3c[nH]cn3)C(C)C)ccc2c1,CHEMBL1682895,7.42,active
CC(C)NC(=O)c1ccc2cc(C(O)(c3c[nH]cn3)C(C)C)ccc2c1,CHEMBL1682896,7.12,active
CNC(=O)c1ccc2cc(C(O)(c3c[nH]cn3)C(C)C)ccc2c1Cl,CHEMBL1682897,6.7,intermediate
CNC(=O)c1ccc2cc(C(O)(c3c[nH]cn3)C(C)C)ccc2c1C,CHEMBL1682898,6.8,intermediate
CNC(=O)c1cc2ccc(C(O)(c3c[nH]cn3)C(C)C)cc2cc1C,CHEMBL1682899,7.41,active
CC(C)C(O)(c1ccc2c3c(ccc2c1)C(=O)NC3)c1c[nH]cn1,CHEMBL1682900,7.82,active
CC(C)C(O)(c1ccc2c3c(ccc2c1)C(=O)N(C)C3)c1c[nH]cn1,CHEMBL1682901,7.66,active
CC(C)C(O)(c1ccc2cc3c(cc2c1)CNC3=O)c1c[nH]cn1,CHEMBL1682902,7.44,active
CC(C)C(O)(c1ccc2cc3c(cc2c1)CN(C)C3=O)c1c[nH]cn1,CHEMBL1682903,7.72,active
CC(C)[C@](O)(c1ccc2c3c(ccc2c1)C(=O)N(C)C3)c1c[nH]cn1,CHEMBL1682904,7.72,active
CC(C)[C@@](O)(c1ccc2c3c(ccc2c1)C(=O)N(C)C3)c1c[nH]cn1,CHEMBL1682905,6.57,intermediate
COc1ccc(-c2cccc(C(O)(c3c[nH]cn3)C(C)C)c2)cc1,CHEMBL1765101,6.89,intermediate
CC(C)C(O)(c1cccc(-c2ccccc2)c1)c1c[nH]cn1,CHEMBL1766169,7.74,active
CC(C)C(O)(c1cccc(-c2ccc(F)cc2)c1)c1c[nH]cn1,CHEMBL1766170,7.72,active
CC(C)C(O)(c1cccc(-c2ccc(Cl)cc2)c1)c1c[nH]cn1,CHEMBL1766171,7.31,active
CC(C)C(O)(c1ccc(-c2ccccc2)cc1)c1c[nH]cn1,CHEMBL1766172,7.48,active
COc1ccc(-c2ccc(C(O)(c3c[nH]cn3)C(C)C)cc2)cc1,CHEMBL1766173,7.27,active
CC(C)C(O)(c1ccc(-c2ccc(F)cc2)cc1)c1c[nH]cn1,CHEMBL1766174,7.57,active
CC(C)C(O)(c1ccc(-c2ccc(Cl)cc2)cc1)c1c[nH]cn1,CHEMBL1766175,7.55,active
CC(=O)Nc1cccc(-c2ccc(C(O)(c3c[nH]cn3)C(C)C)cc2)c1,CHEMBL1766176,7.62,active
CC(=O)Nc1ccc(-c2ccc(C(O)(c3c[nH]cn3)C(C)C)cc2)cc1,CHEMBL1766177,6.92,intermediate
CNC(=O)c1cccc(-c2ccc(C(O)(c3c[nH]cn3)C(C)C)cc2)c1,CHEMBL1766178,7.36,active
CNS(=O)(=O)c1cccc(-c2ccc(C(O)(c3c[nH]cn3)C(C)C)cc2)c1,CHEMBL1766179,6.8,intermediate
CNC(=O)Nc1cccc(-c2ccc(C(O)(c3c[nH]cn3)C(C)C)cc2)c1,CHEMBL1766180,7.68,active
CC(C)C(O)(c1ccc(-c2ccccn2)cc1)c1c[nH]cn1,CHEMBL1766181,6.82,intermediate
CC(=O)Nc1cccc(-c2ccc(C(O)(c3c[nH]cn3)C(C)C)cc2)n1,CHEMBL1766182,7.44,active
CC(=O)Nc1cccc(-c2ccc(C(C)(O)c3c[nH]cn3)cc2)c1,CHEMBL1766183,7.42,active
CCC(O)(c1ccc(-c2cccc(NC(C)=O)c2)cc1)c1c[nH]cn1,CHEMBL1766184,7.4,active
CC(=O)Nc1cccc(-c2ccc(C(O)(c3c[nH]cn3)C3CC3)cc2)c1,CHEMBL1766185,7.35,active
CC(=O)Nc1cccc(-c2ccc(C(O)c3c[nH]cn3)cc2)c1,CHEMBL1766186,7.11,active
CC(=O)Nc1cccc(-c2ccc([C@](O)(c3c[nH]cn3)C(C)C)cc2)c1,CHEMBL1766187,7.59,active
CC(=O)Nc1cccc(-c2ccc([C@@](O)(c3c[nH]cn3)C(C)C)cc2)c1,CHEMBL1766188,6.47,intermediate
CC(=O)Nc1cccc(-c2ccc([C@](O)(c3c[nH]cn3)C(C)C)cc2)n1,CHEMBL1766189,7.59,active
CC(=O)Nc1cccc(-c2ccc([C@@](O)(c3c[nH]cn3)C(C)C)cc2)n1,CHEMBL1766190,7.04,active
CC[C@](O)(c1ccc(-c2cccc(NC(C)=O)c2)cc1)c1c[nH]cn1,CHEMBL1766191,7.66,active
CC[C@@](O)(c1ccc(-c2cccc(NC(C)=O)c2)cc1)c1c[nH]cn1,CHEMBL1766192,6.62,intermediate
CNC(=O)c1ccc2cc([C@](O)(c3c[nH]cn3)C(C)C)ccc2c1,CHEMBL1921975,8.26,potent
CNC(=O)c1ccc2cc([C@@]3(O)CCn4cncc43)ccc2c1,CHEMBL1921976,7.72,active
CNC(=O)c1ccc2cc(C3(O)CCn4cncc43)ccc2c1,CHEMBL1921977,7.42,active
CNC(=O)c1ccc2cc(C3(O)c4cncn4CC3(C)C)ccc2c1,CHEMBL1921978,7.06,active
CNC(=O)c1ccc2cc(C3CCn4cncc43)ccc2c1,CHEMBL1921979,7.89,active
CNC(=O)c1ccc2cc(C(C)(O)c3cncn3C)ccc2c1,CHEMBL1921980,6.39,intermediate
NC(=O)c1ccc2cc(C3(O)CCn4cncc43)ccc2c1,CHEMBL1921981,7.54,active
CCNC(=O)c1ccc2cc(C3(O)CCn4cncc43)ccc2c1,CHEMBL1921982,6.72,intermediate
O=C(NC1CC1)c1ccc2cc(C3(O)CCn4cncc43)ccc2c1,CHEMBL1921983,6.54,intermediate
CC(C)NC(=O)c1ccc2cc(C3(O)CCn4cncc43)ccc2c1,CHEMBL1921984,6.4,intermediate
CNC(=O)c1ccc2cc([C@]3(O)CCn4cncc43)ccc2c1,CHEMBL1921985,7.32,active
COc1ccc2ccc(-c3cccnc3)cc2c1,CHEMBL193863,6.14,intermediate
N#Cc1ccc2cc(-c3cccnc3)ccc2c1,CHEMBL196796,6.16,intermediate
CC1=C(c2cccnc2)CCc2ccccc21,CHEMBL206283,5.96,inactive
Cc1ccncc1-c1cccc2c1ncn2-c1ccccn1,CHEMBL2147034,8.24,potent
Cc1ccncc1-c1cccc2c1ncn2-c1cnccn1,CHEMBL2147035,7.43,active
Cc1ccncc1-c1cccc2c1ncn2-c1cccc(C(F)(F)F)n1,CHEMBL2147036,7.4,active
Cc1ccncc1-c1cccc2c1ncn2-c1cccc(F)n1,CHEMBL2147037,7.96,active
Cc1ccncc1-c1cccc2c1ncn2-c1ncc(F)cc1F,CHEMBL2147038,6.12,intermediate
Cc1ccncc1-c1cccc2c1ncn2-c1ccncn1,CHEMBL2147039,6.18,intermediate
Cc1ccncc1-c1cccc2c1ncn2-c1ccncc1,CHEMBL2147040,6.39,intermediate
Cc1ccncc1-c1cccc2c1ncn2CC(F)(F)F,CHEMBL2147041,7.92,active
Cc1ccncc1-c1cccc2c1ncn2CC#N,CHEMBL2147042,6.48,intermediate
Cc1ccncc1-c1cccc2c1ncn2C1CC1,CHEMBL2147043,6.4,intermediate
FC(F)(F)Cn1cnc2c(-c3cnccc3Cl)cccc21,CHEMBL2147044,6.44,intermediate
Nc1ncncc1-c1cccc2c1ncn2CC(F)(F)F,CHEMBL2147045,6.17,intermediate
CCOc1ncncc1-c1cccc2c1ncn2CC(F)(F)F,CHEMBL2147046,6.87,intermediate
Nc1ncncc1-c1cccc2c1ncn2-c1ccc(F)cc1F,CHEMBL2147047,6.1,intermediate
CC(C)C(c1cc2c3c(c1)CCN3C(=O)CC2)n1ccnc1,CHEMBL2163638,5.81,inactive
O=C1CCc2cc(C(C3CC3)n3ccnc3)cc3c2N1CC3,CHEMBL2163639,5.54,inactive
C=C(c1cc2c3c(c1)CCN3C(=O)CC2)n1ccnc1,CHEMBL2163641,5.3,inactive
COc1ccc(C(c2cc3c4c(c2)CCN4C(=O)CC3)n2ccnc2)cc1,CHEMBL2163646,5.3,inactive
O=C1CCc2cc(-c3cccnc3)c(O)cc2N1,CHEMBL2165313,5,inactive
COc1cc2c(cc1-c1cccnc1)CCC(=O)N2,CHEMBL2165314,5,inactive
COc1cc2c(cc1-c1cccnc1)CCC(=O)N2C,CHEMBL2165315,5,inactive
CCOc1cc2c(cc1-c1cccnc1)CCC(=O)N2,CHEMBL2165316,5,inactive
CCOc1cc2c(cc1-c1cccnc1)CCC(=O)N2C,CHEMBL2165317,5,inactive
O=C1CCc2cc(-c3cccnc3)c(OC3CCCC3)cc2N1,CHEMBL2165318,5,inactive
CN1C(=O)CCc2cc(-c3cccnc3)c(OC3CCCC3)cc21,CHEMBL2165319,5,inactive
O=C1CCc2cc(-c3cccnc3)c(OCc3ccccc3)cc2N1,CHEMBL2165320,5,inactive
CN1C(=O)CCc2cc(-c3cccnc3)c(OCc3ccccc3)cc21,CHEMBL2165321,5,inactive
O=C1CCc2cc(-c3cccnc3)cc(Br)c2N1,CHEMBL2165322,5,inactive
O=C1CCc2cc(-c3cccnc3)cc(-c3ccccc3)c2N1,CHEMBL2165323,5,inactive
O=C1CCc2cc(-c3cccnc3)cc(-c3cccnc3)c2N1,CHEMBL2165324,5,inactive
O=C1CCc2cc(-c3cccnc3)cc(-c3ccsc3)c2N1,CHEMBL2165325,5,inactive
Cc1nnc2n1-c1c(F)cc(-c3cncc(F)c3)cc1CC2,CHEMBL2331699,5,inactive
COC(C)(C)c1cncc(-c2ccc3c(c2)CCc2nnc(C)n2-3)c1,CHEMBL2331704,5,inactive
O=c1c2ccccc2oc2c(Cl)ccc(Cn3ccnc3)c12,CHEMBL2333326,6.59,intermediate
O=c1c2ccccc2oc2c(I)ccc(Cn3ccnc3)c12,CHEMBL2333327,5.87,inactive
O=c1c2ccccc2oc2c(-c3ccccc3)ccc(Cn3ccnc3)c12,CHEMBL2333328,5.72,inactive
COc1ccc(Cn2ccnc2)c2c(=O)c3ccccc3oc12,CHEMBL2333329,6.21,intermediate
CCOc1ccc(Cn2ccnc2)c2c(=O)c3ccccc3oc12,CHEMBL2333330,5.3,inactive
CC(C)Oc1ccc(Cn2ccnc2)c2c(=O)c3ccccc3oc12,CHEMBL2333331,5.9,inactive
CC(C)CCOc1ccc(Cn2ccnc2)c2c(=O)c3ccccc3oc12,CHEMBL2333332,5.3,inactive
CCC(C)Oc1ccc(Cn2ccnc2)c2c(=O)c3ccccc3oc12,CHEMBL2333333,5.3,inactive
O=c1c2ccccc2oc2c(OCC3CC3)ccc(Cn3ccnc3)c12,CHEMBL2333334,5.3,inactive
O=c1c2ccccc2oc2c(OC3CCCC3)ccc(Cn3ccnc3)c12,CHEMBL2333335,5.3,inactive
O=c1c2ccccc2oc2c(O)ccc(Cn3ccnc3)c12,CHEMBL2333336,6.31,intermediate
Nc1ccc(Cn2ccnc2)c2c(=O)c3ccccc3oc12,CHEMBL2333337,5.76,inactive
Oc1ccc2ccc(-c3cccnc3)c(Cl)c2c1,CHEMBL2420674,7.19,active
COc1ccc2ccc(-c3cccnc3)c(F)c2c1,CHEMBL2420675,6.97,intermediate
Oc1ccc2ccc(-c3cccnc3)c(F)c2c1,CHEMBL2420676,6.28,intermediate
COc1ccc2ccc(-c3cccnc3)c(Cl)c2c1F,CHEMBL2420677,6.83,intermediate
Oc1ccc2ccc(-c3cccnc3)c(Cl)c2c1F,CHEMBL2420678,6.43,intermediate
COc1ccc2ccc(-c3cncc(F)c3)c(Cl)c2c1,CHEMBL2420679,6.34,intermediate
Oc1ccc2ccc(-c3cncc(F)c3)c(Cl)c2c1,CHEMBL2420680,6.28,intermediate
COc1cncc(-c2ccc3ccc(OC)cc3c2Cl)c1,CHEMBL2420681,7.03,active
COc1cncc(-c2ccc3ccc(O)cc3c2Cl)c1,CHEMBL2420682,6.73,intermediate
COc1ccc2ccc(-c3cncc(O)c3)c(Cl)c2c1,CHEMBL2420683,7.96,active
Oc1cncc(-c2ccc3ccc(O)cc3c2Cl)c1,CHEMBL2420684,7.8,active
COc1ccc2ccc(-c3cncnc3)c(Cl)c2c1,CHEMBL2420685,6.2,intermediate
Oc1ccc2ccc(-c3cncnc3)c(Cl)c2c1,CHEMBL2420686,5.82,inactive
COc1ccc2ccc(-c3cncc4ccccc34)c(Cl)c2c1,CHEMBL2420687,6.53,intermediate
Oc1ccc2ccc(-c3cncc4ccccc34)c(Cl)c2c1,CHEMBL2420688,5.99,inactive
c1ccc(-c2cc(Cn3ccnc3)c3ccc4[nH]ccc4c3n2)cc1,CHEMBL2442756,6.04,intermediate
COc1ccc(-c2cc(Cn3ccnc3)c3ccc4[nH]ccc4c3n2)cc1,CHEMBL2442757,6.26,intermediate
CCn1ccc2c3nc(-c4ccccc4)cc(Cn4ccnc4)c3ccc21,CHEMBL2442758,6.32,intermediate
Cc1cc(Cn2ccnc2)c2ccc3[nH]ccc3c2n1,CHEMBL2442759,5.3,inactive
CCn1ccc2c3c(Cn4ccnc4)cc(-c4ccccc4)nc3ccc21,CHEMBL2442760,5.67,inactive
COc1ccc(-c2cc(Cn3cncn3)c3ccc4[nH]ccc4c3n2)cc1,CHEMBL2442761,5.3,inactive
CCn1ccc2c3c(Cn4cncn4)cc(-c4ccccc4)nc3ccc21,CHEMBL2442762,5.3,inactive
CC(c1ccc(-c2ccsc2)cc1)n1ccnc1,CHEMBL273191,6.02,intermediate
Nc1ccc(C23CC(C2)C(=O)N(C2CCCCC2)C3=O)cc1,CHEMBL27467,3.85,inactive
c1ccc(-c2ccc(C(c3ccccc3)n3ccnc3)cc2)cc1,CHEMBL277535,6.1,intermediate
Nc1ccc(C23CC2C(=O)N(CC2CCCCC2)C3=O)cc1,CHEMBL281947,4.47,inactive
N#Cc1ccc([C@H]2CCCc3cncn32)cc1,CHEMBL287677,4.7,inactive
O=c1c2ccccc2oc2c([N+](=O)[O-])ccc(Cn3ccnc3)c12,CHEMBL307160,6.89,intermediate
CC(C)(C(=O)OC1(C)C2CC3CC(C2)CC1C3)c1cccnc1,CHEMBL3084923,7.89,active
CC1(OC(=O)Cc2cccnc2)C2CC3CC(C2)CC1C3,CHEMBL3084924,6.49,intermediate
N#Cc1ccc([C@H]2CCc3cncn32)c(F)c1,CHEMBL3099695,5.4,inactive
C[C@@H](OC(=O)C12CC3CC(CC(C3)C1)C2)c1cccnc1,CHEMBL325461,6.82,intermediate
CC(C)C(O)(c1ccc2cc(-c3cccs3)ccc2c1)c1c[nH]nn1,CHEMBL3259868,5.4,inactive
COc1cc2ccc(C(O)(c3cnn[nH]3)C(C)C)cc2cc1OC,CHEMBL3264597,6.74,intermediate
COc1cc2ccc(C(O)(c3cncs3)C(C)C)cc2cc1OC,CHEMBL3264599,6.54,intermediate
COc1cc2ccc(C(O)(c3c[nH]cn3)C(C)C)cc2cc1OC,CHEMBL3264604,7.3,active
CC(C)C(O)(c1ccc2cc(OC(F)F)c(OC(F)F)cc2c1)c1cnn[nH]1,CHEMBL3264605,6.77,intermediate
CC(C)C(O)(c1ccc2cc(OCC(F)(F)F)c(OCC(F)(F)F)cc2c1)c1c[nH]nn1,CHEMBL3264606,6.51,intermediate
CC(C)C(O)(c1ccc2cc(-c3cnco3)ccc2c1)c1cnn[nH]1,CHEMBL3264607,6.29,intermediate
CC(C)C(O)(c1ccc2cc(OC(F)F)ccc2c1)c1c[nH]nn1,CHEMBL3264608,7.13,active
CC(C)C(O)(c1ccc2cc(OCC(F)(F)F)ccc2c1)c1c[nH]nn1,CHEMBL3264609,6.24,intermediate
Cc1ccncc1-c1cc(F)c2c(c1)CCc1nnc(C)n1-2,CHEMBL3313969,5,inactive
CCC(C(=O)OC1CC2CC([C@@H]1C)C2(C)C)c1ccncc1,CHEMBL336102,8.05,potent
C[C@@H]1C(OC(=O)C(C)(C)c2cccnc2)CC2CC1C2(C)C,CHEMBL337251,7.82,active
Fc1cc2c(cc1-c1cccnc1)CCc1nncn1-2,CHEMBL3415152,5,inactive
Fc1cc(-c2cccnc2)cc2c1-n1cnnc1CC2,CHEMBL3415153,5,inactive
Cc1nnc2n1-c1cc(F)c(-c3cccnc3)cc1CC2,CHEMBL3415154,5,inactive
Cc1nnc2n1-c1c(F)cc(-c3cccnc3)cc1CC2,CHEMBL3415155,5,inactive
CCc1nnc2n1-c1cc(F)c(-c3cccnc3)cc1CC2,CHEMBL3415156,5,inactive
CCc1nnc2n1-c1c(F)cc(-c3cccnc3)cc1CC2,CHEMBL3415157,5,inactive
CC(C)c1nnc2n1-c1cc(F)c(-c3cccnc3)cc1CC2,CHEMBL3415158,5,inactive
CC(C)c1nnc2n1-c1c(F)cc(-c3cccnc3)cc1CC2,CHEMBL3415159,5,inactive
Fc1cc2c(cc1-c1cccnc1)CCc1nnc(-c3ccccc3)n1-2,CHEMBL3415160,5,inactive
Fc1cc(-c2cccnc2)cc2c1-n1c(nnc1-c1ccccc1)CC2,CHEMBL3415161,5,inactive
Fc1cc2c(cc1-c1cccnc1)CCc1nnc(Cc3ccccc3)n1-2,CHEMBL3415162,5,inactive
O=C(c1ccccc1)c1nnc2n1-c1c(F)cc(-c3cccnc3)cc1CC2,CHEMBL3415163,5,inactive
Fc1cc2c(cc1-c1cccnc1)CCc1nnc(-c3ccncc3)n1-2,CHEMBL3415164,5,inactive
Fc1cc(-c2cccnc2)cc2c1-n1c(nnc1-c1ccncc1)CC2,CHEMBL3415165,5,inactive
COc1cncc(-c2cc(F)c3c(c2)CCc2nnc(C)n2-3)c1,CHEMBL3415166,5,inactive
Cc1nnc2n1-c1c(F)cc(-c3cncc(C(C)O)c3)cc1CC2,CHEMBL3415167,5,inactive
CC(=O)c1cncc(-c2cc(F)c3c(c2)CCc2nnc(C)n2-3)c1,CHEMBL3415168,5,inactive
Cc1nnc2n1-c1c(F)cc(-c3cncc(C(F)(F)F)c3)cc1CC2,CHEMBL3415169,5,inactive
Cc1nnc2n1-c1c(F)cc(-c3cncc(C#N)c3)cc1CC2,CHEMBL3415170,5,inactive
Cc1nnc2n1-c1c(F)cc(-c3cncc(-c4ccccc4)c3)cc1CC2,CHEMBL3415171,5,inactive
Cc1nnc2n1-c1c(F)cc(-c3cncc4ccccc34)cc1CC2,CHEMBL3415172,5,inactive
Cc1c(F)cncc1-c1cc(F)c2c(c1)CCc1nnc(C)n1-2,CHEMBL3415173,5,inactive
Fc1cncc(-c2cc(F)c3c(c2)CCc2nncn2-3)c1,CHEMBL3415174,5,inactive
Cc1c(F)cncc1-c1cc(F)c2c(c1)CCc1nncn1-2,CHEMBL3415175,5,inactive
Fc1cncc(-c2nc3cc(F)c(F)cc3n2C2CC2)c1,CHEMBL3582472,5,inactive
CC(C)(O)c1cncc(-c2nc3cc(F)c(F)cc3n2C2CC2)c1,CHEMBL3582477,5,inactive
CC(C)(O)c1cncc(-c2nc3ccc(F)cc3n2C2CC2)c1,CHEMBL3582478,5,inactive
Cc1c(F)cncc1-c1nc2cc(F)c(F)cc2n1C1CC1,CHEMBL3582481,5,inactive
c1ccc(-c2nnc3n2-c2ccc(-c4cccnc4)cc2CC3)cc1,CHEMBL3622434,7.08,active
COC(=O)c1cncc(-c2ccc3c(c2)CCc2nnc(C)n2-3)c1,CHEMBL3622437,5,inactive
Cc1nnc2n1-c1ccc(-c3cncc([C@](C)(O)C(F)(F)F)c3)cc1CC2,CHEMBL3622445,5,inactive
COc1ccc2cc(-c3cccnc3)ccc2c1,CHEMBL362968,6.18,intermediate
O=C1N(c2ccnc(Cl)c2)CCN1c1cnccc1C1CC1,CHEMBL3639767,8.1,potent
c1cncc(-c2ccc3ccccc3c2)c1,CHEMBL365735,5.52,inactive
Cc1cc(NS(C)(=O)=O)ccc1-c1cnccc1-c1ccccc1,CHEMBL3662054,6.98,intermediate
Cc1ccncc1-c1ccc(NS(C)(=O)=O)cc1OCC(F)F,CHEMBL3662055,7.49,active
Cc1ccncc1-c1ccc(NS(C)(=O)=O)cc1OCC(F)(F)F,CHEMBL3662056,7.38,active
COc1cc(NS(C)(=O)=O)ccc1-c1cncc2ccccc12,CHEMBL3662057,8.18,potent
COc1cc(NS(=O)(=O)c2ccccc2)ccc1-c1cncc2ccccc12,CHEMBL3662058,8.54,potent
COc1cc(NS(=O)(=O)c2cccc3ccccc23)ccc1-c1cncc2ccccc12,CHEMBL3662059,7.96,active
COc1ccc(S(=O)(=O)Nc2ccc(-c3cncc4ccccc34)c(OC)c2)cc1,CHEMBL3662060,8.57,potent
COc1cc(NS(=O)(=O)c2cccc3cccnc23)ccc1-c1cncc2ccccc12,CHEMBL3662061,7.57,active
CCS(=O)(=O)Nc1ccc(-c2cncc3ccccc23)c(OC)c1,CHEMBL3662062,8.09,potent
COc1cc(NS(=O)(=O)c2cn(C)c(C)n2)ccc1-c1cncc2ccccc12,CHEMBL3662063,6.93,intermediate
COc1cc(NS(=O)(=O)C2CC2)ccc1-c1cncc2ccccc12,CHEMBL3662064,8.21,potent
COc1cc(NS(=O)(=O)c2ccccn2)ccc1-c1cncc2ccccc12,CHEMBL3662065,8.22,potent
COc1cc(NS(C)(=O)=O)ccc1-c1cncnc1C,CHEMBL3662066,6.95,intermediate
COc1cc(NS(=O)(=O)C2CC2)ccc1-c1cncnc1C,CHEMBL3662067,6.77,intermediate
CCCS(=O)(=O)Nc1ccc(-c2cncnc2C)c(OC)c1,CHEMBL3662068,6.87,intermediate
COc1cc(NS(=O)(=O)CC(C)C)ccc1-c1cncnc1C,CHEMBL3662069,7,active
COc1cc(NS(=O)(=O)c2ccccc2)ccc1-c1cncnc1C,CHEMBL3662070,8.27,potent
COc1cc(NS(=O)(=O)c2cccnc2)ccc1-c1cncnc1C,CHEMBL3662071,6.88,intermediate
COc1cc(NS(=O)(=O)CC(F)(F)F)ccc1-c1cncnc1C,CHEMBL3666687,6.8,intermediate
COc1cc(NS(=O)(=O)Cc2ccccc2)ccc1-c1cncnc1C,CHEMBL3666688,8.02,potent
COc1cc(NS(=O)(=O)CCc2ccccc2)ccc1-c1cncnc1C,CHEMBL3666689,6.92,intermediate
COc1ccc(S(=O)(=O)Nc2ccc(-c3cncnc3C)c(OC)c2)cc1,CHEMBL3666690,7.25,active
COc1cc(NS(=O)(=O)c2ccc(Cl)cc2)ccc1-c1cncnc1C,CHEMBL3666691,6.93,intermediate
COc1cc(NS(=O)(=O)Cc2ccc(Cl)cc2)ccc1-c1cncnc1C,CHEMBL3666692,8.47,potent
COc1cc(NS(=O)(=O)c2ccc3ccccc3c2)ccc1-c1cncnc1C,CHEMBL3666693,7.23,active
COc1cc(NS(=O)(=O)c2cccc3cccnc23)ccc1-c1cncnc1C,CHEMBL3666694,6.93,intermediate
Cc1ccncc1-c1ccc(NS(=O)(=O)C2CC2)cc1OCC(F)(F)F,CHEMBL3666695,8.11,potent
Cc1cc(NS(C)(=O)=O)ccc1-c1cnccc1Cl,CHEMBL3666696,7.28,active
Cc1cc(NS(C)(=O)=O)ccc1-c1cnccc1OCC(F)(F)F,CHEMBL3666697,8.85,potent
COc1cc(NS(C)(=O)=O)ccc1-c1cnccc1C,CHEMBL3666698,8.6,potent
CCc1ncncc1-c1ccc(NS(C)(=O)=O)cc1OC,CHEMBL3666699,7.31,active
COc1cc(NS(C)(=O)=O)ccc1-c1cncnc1C(C)C,CHEMBL3666700,6.99,intermediate
COc1cc(NS(C)(=O)=O)ccc1-c1cncnc1C1CCCCC1,CHEMBL3666701,7,active
COc1cc(NS(C)(=O)=O)ccc1-c1cnccc1C1CC1,CHEMBL3666702,8.68,potent
CS(=O)(=O)Nc1ccc(-c2cncc3ccccc23)c(OC(F)(F)F)c1,CHEMBL3666703,8.49,potent
CS(=O)(=O)Nc1ccc(-c2cncc3ccccc23)c(OCC(F)(F)F)c1,CHEMBL3666704,7.23,active
COc1ccncc1-c1ccc(NS(C)(=O)=O)cc1OCC(F)(F)F,CHEMBL3666705,7.25,active
CS(=O)(=O)Nc1ccc(-c2cncc3ccccc23)c(OCCF)c1,CHEMBL3666706,7.4,active
CS(=O)(=O)Nc1ccc(-c2cnccc2Cl)c(OCCF)c1,CHEMBL3666707,6.76,intermediate
CS(=O)(=O)Nc1ccc(-c2cncc3ncccc23)c(OCCF)c1,CHEMBL3666708,7.29,active
Cc1ccncc1-c1ccc(NS(C)(=O)=O)cc1C(F)(F)F,CHEMBL3666709,7.59,active
CS(=O)(=O)Nc1ccc(-c2cncc3ccccc23)c(C(F)(F)F)c1,CHEMBL3666710,7.32,active
CS(=O)(=O)Nc1ccc(-c2cnccc2C2CC2)c(C(F)(F)F)c1,CHEMBL3666711,7.41,active
COc1cc(NS(C)(=O)=O)ccc1-c1cncnc1OC,CHEMBL3666712,7.24,active
COc1cc(NS(C)(=O)=O)ccc1-c1cncn2cccc12,CHEMBL3666713,6.92,intermediate
O=C1N(c2ccnc(C(F)(F)F)c2)CCN1c1cnccc1C1CC1,CHEMBL3677924,8.05,potent
O=C1N(c2ccc3ccccc3c2)CCN1c1cnccc1C1CC1,CHEMBL3677925,7.59,active
O=C1N(c2ccc3sccc3c2)CCN1c1cnccc1C1CC1,CHEMBL3677926,7.89,active
O=C1N(c2cccc(C(F)(F)F)c2)CCN1c1cnccc1C1CC1,CHEMBL3677927,8.22,potent
O=C1N(c2cc3ccccc3s2)CCN1c1cnccc1C1CC1,CHEMBL3677928,7.89,active
Cc1nc(Cl)cc(N2CCN(c3cnccc3C3CC3)C2=O)n1,CHEMBL3677929,7.39,active
O=C1N(c2cc(C(F)(F)F)ccn2)CCN1c1cnccc1C1CC1,CHEMBL3677930,7.66,active
COc1cc(N2CCN(c3cnccc3C3CC3)C2=O)ccn1,CHEMBL3677931,7.38,active
O=C1N(c2cc(Cl)ncn2)CCN1c1cnccc1C1CC1,CHEMBL3677932,6.92,intermediate
O=C1N(c2ccnc(C(F)(F)F)n2)CCN1c1cnccc1C1CC1,CHEMBL3677933,7,active
O=C1N(c2ccc3scc(C(F)(F)F)c3c2)CCN1c1cnccc1C1CC1,CHEMBL3677934,7.96,active
O=C1N(c2ccc3sc(F)cc3c2)CCN1c1cnccc1C1CC1,CHEMBL3677935,7.59,active
Cc1csc2ccc(N3CCN(c4cnccc4C4CC4)C3=O)cc12,CHEMBL3677936,8.17,potent
O=C1N(c2ccc3ccsc3c2)CCN1c1cnccc1C1CC1,CHEMBL3677937,8.15,potent
O=C1N(c2ccc3c(c2)OC(F)(F)O3)CCN1c1cnccc1C1CC1,CHEMBL3677938,7.24,active
Cc1csc2cc(N3CCN(c4cnccc4C4CC4)C3=O)ccc12,CHEMBL3677939,7.12,active
Cc1coc2ccc(N3CCN(c4cnccc4C4CC4)C3=O)cc12,CHEMBL3677940,8.57,potent
O=C1N(c2ccc3sc(Cl)cc3c2)CCN1c1cnccc1C1CC1,CHEMBL3677941,6.97,intermediate
O=C1N(c2ccc3c(c2)CCC3)CCN1c1cnccc1C1CC1,CHEMBL3677942,7.77,active
O=C1N(c2cc3cc(F)ccc3s2)CCN1c1cnccc1C1CC1,CHEMBL3677943,8.15,potent
O=C1N(c2ccc3c(C(F)(F)F)csc3c2)CCN1c1cnccc1C1CC1,CHEMBL3677944,5.92,inactive
Cc1c(F)sc2ccc(N3CCN(c4cnccc4C4CC4)C3=O)cc12,CHEMBL3677945,7.72,active
O=C1N(c2ccc3cc(F)sc3c2)CCN1c1cnccc1C1CC1,CHEMBL3677946,7.52,active
O=C1N(c2cc(F)c3ccsc3c2)CCN1c1cnccc1C1CC1,CHEMBL3677947,8.22,potent
O=C1N(c2cc3sccc3cc2F)CCN1c1cnccc1C1CC1,CHEMBL3677948,6.34,intermediate
O=C1N(c2cc3ccsc3cc2F)CCN1c1cnccc1C1CC1,CHEMBL3677949,6.26,intermediate
O=C1N(c2cnccc2C2CC2)[C@H]2C[C@H]2N1c1ccnc(Cl)c1,CHEMBL3677950,6.79,intermediate
O=C1N(c2ccnc(Cl)c2)[C@H]2C[C@H]2N1c1cnccc1C1CC1,CHEMBL3677951,8.22,potent
COc1cc(N2C(=O)N(c3cnccc3C3CC3)[C@H]3C[C@H]32)ccn1,CHEMBL3677952,6.77,intermediate
COc1cc(N2C(=O)N(c3cnccc3C3CC3)[C@@H]3C[C@@H]32)ccn1,CHEMBL3677953,7.92,active
O=C1N(c2cnccc2C2CC2)[C@H]2C[C@H]2N1c1ccnc(C(F)(F)F)c1,CHEMBL3677954,6.74,intermediate
O=C1N(c2ccnc(C(F)(F)F)c2)[C@H]2C[C@H]2N1c1cnccc1C1CC1,CHEMBL3677955,8.16,potent
O=C1N(c2ccnc(Cl)c2)CCN1c1cnccc1C1(O)CCC1,CHEMBL3677956,7.35,active
O=C1N(c2ccnc(Cl)c2)CCN1c1cnccc1C1CCCC1,CHEMBL3677957,7.89,active
O=C1N(c2ccnc(Cl)c2)CCN1c1cnccc1C1(O)CCCC1,CHEMBL3677958,6.47,intermediate
O=C1N(c2cccc(C(F)(F)F)c2)CCN1c1cnccc1C1(O)CC1,CHEMBL3677959,7.57,active
O=C1N(c2cc(Cl)nc(C(F)(F)F)c2)CCN1c1cnccc1C1CC1,CHEMBL3677960,8.3,potent
O=C1N(c2cc(C3CC3)ncn2)CCN1c1cnccc1C1CC1,CHEMBL3677961,7.32,active
O=C1N(c2ccnc(C3CC3)c2)CCN1c1cnccc1C1CC1,CHEMBL3677962,7.92,active
COc1cc(N2CCN(c3cnccc3C3CC3)C2=O)ncn1,CHEMBL3677963,7.08,active
Cc1cc(N2CCN(c3cnccc3C3CC3)C2=O)ncn1,CHEMBL3677964,7.15,active
Cc1cc(N2CCN(c3cnccc3C3CC3)C2=O)ncc1F,CHEMBL3677965,7.66,active
O=C1N(c2ccnc(C3CC3)n2)CCN1c1cnccc1C1CC1,CHEMBL3677966,7.44,active
Cc1nccc(N2CCN(c3cnccc3C3CC3)C2=O)n1,CHEMBL3677967,6.4,intermediate
O=C1N(c2cc(Cl)nc(C(F)(F)F)n2)CCN1c1cnccc1C1CC1,CHEMBL3677968,8,potent
O=C1N(c2cc(Cl)nc(Cl)c2)CCN1c1cnccc1C1CC1,CHEMBL3677969,8.72,potent
O=C1N(c2cc(Cl)nc(C3CC3)c2)CCN1c1cnccc1C1CC1,CHEMBL3677970,8.28,potent
O=C1N(c2cc(C3CC3)nc(C(F)(F)F)c2)CCN1c1cnccc1C1CC1,CHEMBL3677971,8.32,potent
O=C1N(c2cc(C(F)(F)F)nc(C(F)(F)F)c2)CCN1c1cnccc1C1CC1,CHEMBL3677972,8.22,potent
CC(C)C(c1ccc2cc(OCC(F)(F)F)ccc2c1)n1ncnn1,CHEMBL3682505,6.34,intermediate
COc1cc2ccc(C(C(C)C)n3ncnn3)cc2cc1OC,CHEMBL3682506,6.57,intermediate
CC(C)C(c1ccc2cc(OC(F)F)ccc2c1)n1ncnn1,CHEMBL3682507,6.68,intermediate
CC(C)C(O)c1ccc2cc(OCC(F)(F)F)ccc2c1,CHEMBL3682508,6.4,intermediate
COc1cc2cnc(C(O)(c3cnn[nH]3)C(C)C)cc2cc1OC,CHEMBL3689756,6.02,intermediate
Cc1ccncc1-c1cccc2c(-c3ccccc3)noc12,CHEMBL3696099,8.96,potent
Cc1ncncc1-c1cccc2c(-c3ccccc3)noc12,CHEMBL3696100,6.45,intermediate
Cc1ccncc1-c1cccc2c(-c3ccc(F)cc3)noc12,CHEMBL3696101,8.49,potent
Fc1ccc(-c2noc3c(-c4cncn5cccc45)cccc23)cc1,CHEMBL3696102,6.72,intermediate
FC(F)(F)COc1ncncc1-c1cccc2c(-c3cnccn3)noc12,CHEMBL3696103,7.19,active
Clc1ccncc1-c1cccc2c(C3CC3)noc12,CHEMBL3696104,7.32,active
Clc1ccccc1-c1noc2c(-c3cncnc3-n3cncn3)cccc12,CHEMBL3696105,7.38,active
Clc1ccccc1-c1noc2c(-c3cncnc3-n3nccn3)cccc12,CHEMBL3696106,6.28,intermediate
COCCOc1noc2c(-c3cnccc3C)cccc12,CHEMBL3696107,6.28,intermediate
Cc1ccncc1-c1ccnc2c(-c3ccc(F)cc3)noc12,CHEMBL3696108,8.41,potent
Cc1ccncc1-c1ccnc2c(-c3nccs3)csc12,CHEMBL3696109,7.12,active
Cc1ncncc1-c1ccnc2c(-c3ccc(F)cc3)csc12,CHEMBL3696110,8.1,potent
Fc1ccc(-c2csc3c(-c4cncnc4C4CC4)ccnc23)cc1,CHEMBL3696111,8.4,potent
Nc1ncncc1-c1ccnc2c(-c3ccc(F)cc3Cl)csc12,CHEMBL3696112,8.4,potent
Fc1ccc(-c2csc3c(-c4cncc5ccccc45)cccc23)cc1,CHEMBL3696113,7.25,active
Cc1ccncc1-c1cccc2c(OCc3ccc4ccccc4c3)noc12,CHEMBL3696114,6.21,intermediate
Cc1ccncc1-c1cccc2c(OCc3ccc(Cl)cc3)noc12,CHEMBL3696115,6.6,intermediate
COc1ccc(COc2noc3c(-c4cnccc4C)cccc23)cc1,CHEMBL3696116,7.1,active
COc1ccc2ccc(-c3cccnc3)c(Cl)c2c1,CHEMBL371430,7.57,active
Cc1ccncc1-c1cccc2c1cnn2-c1cscn1,CHEMBL3780048,8.3,potent
Cc1ccncc1-c1cccc2c1cnn2-c1cnccn1,CHEMBL3780226,8.3,potent
Cc1ccncc1-c1cccc2c1cnn2-c1nccs1,CHEMBL3780266,8.4,potent
Cc1ccncc1-c1cccc2c1cnn2-c1cccnn1,CHEMBL3780658,8.52,potent
Cc1ccncc1-c1cccc2c1cnn2-c1ccccc1,CHEMBL3780743,8.4,potent
Cc1ccncc1-c1cccc2c1cnn2-c1ccc(F)cc1,CHEMBL3781112,8.3,potent
Cc1ccncc1-c1cccc2c1ncn2-c1nccs1,CHEMBL3781487,8.1,potent
Cc1ccncc1-c1cccc2c1ncn2-c1cscn1,CHEMBL3781910,8.1,potent
Cc1ccncc1-c1cccc2c1cnn2-c1ccccn1,CHEMBL3782020,8.7,potent
O=c1c(Cc2ccncc2)coc2cc(F)ccc12,CHEMBL3793091,5.18,inactive
COc1ccc2c(=O)c(Cc3c[nH]cn3)coc2c1,CHEMBL3793530,5,inactive
O=c1c(Cc2c[nH]cn2)coc2cc(F)ccc12,CHEMBL3793576,5,inactive
O=c1cc(Cc2ccncc2)oc2cc(F)ccc12,CHEMBL3794417,5,inactive
O=c1c(Cc2ccncc2)coc2ccccc12,CHEMBL3794430,5.32,inactive
COc1ccc2c(Cl)c(-c3cccnc3)ccc2c1Cl,CHEMBL381014,6.63,intermediate
CN1CC[C@@]2(C)C(=CC1=O)CC[C@H]1C3=CC=C(c4cccnc4)[C@@]3(C)CC[C@@H]12,CHEMBL3889969,7.96,potent
Cn1ccnc1S(=O)(=O)N1CCN(c2ccc(OC[C@@H]3CO[C@@](Cn4ccnc4)(c4ccc(Cl)cc4Cl)O3)cc2)CC1,CHEMBL3891718,7.82,active
C[C@]12CC[C@H]3[C@@H](CC4(CC4)C4=CC(=O)NCC[C@@]43C)[C@@H]1CC=C2c1cccnc1,CHEMBL3891870,8,potent
Fc1ccc(-n2ncc3c(-c4cncc5ccccc45)ccnc32)cc1,CHEMBL3892696,6.89,intermediate
C[C@]12CC[C@H]3[C@@H](CC=C4CC(=O)CCC[C@@]43C)[C@@H]1CC=C2n1ccnc1,CHEMBL3893307,7.96,potent
CC1C[C@H]2C3=CC=C(c4cncc(F)c4)[C@@]3(C)CC[C@@H]2[C@@]2(C)CCN(C)C(=O)C=C12,CHEMBL3893669,7,intermediate
Fc1ccc(-n2ncc3c(-c4cncc5ncccc45)ccnc32)cc1,CHEMBL3893796,7.39,active
CC(C)S(=O)(=O)N1CCN(c2ccc(OC[C@@H]3CO[C@@](Cn4ccnc4)(c4ccc(Cl)cc4Cl)O3)cc2)CC1,CHEMBL3894912,7.92,active
C[C@]12CC[C@H]3[C@@H](CC=C4CCC(=O)CC[C@@]43C)[C@@H]1CC=C2n1ccnc1,CHEMBL3896024,7.96,potent
C[C@]12CC[C@H]3[C@@H](CC[C@H]4CC(=O)NCC[C@@]43C)[C@@H]1CC=C2n1ccnc1,CHEMBL3896070,7.96,potent
Cc1cncc(C2=CC[C@H]3[C@@H]4CCN5C(=O)CCCC[C@]5(C)[C@H]4CC[C@]23C)c1,CHEMBL3897253,7.96,potent
CN1CC[C@@]2(C)C(=CC1=O)CC[C@H]1C3=CC=C(c4cnccn4)[C@@]3(C)CC[C@@H]12,CHEMBL3897281,7.96,potent
Cc1ccncc1-c1ccnn2c(-c3ccc(F)cc3)cnc12,CHEMBL3899573,7.25,active
C[C@]12CC[C@H]3[C@@H](CCC4=CC(=O)NCC[C@@]43C)C1=CC=C2c1cncc(F)c1,CHEMBL3899790,7.82,active
CN1C(=O)C[C@@]2(C)C1=CC[C@H]1[C@@H]3CC=C(c4cccnc4)[C@@]3(C)CC[C@@H]12,CHEMBL3900011,7.96,potent
C=Cc1cncc(C2=CC[C@H]3[C@@H]4CCN5C(=O)CCCC[C@]5(C)[C@H]4CC[C@]23C)c1,CHEMBL3900855,7.96,potent
CN1CC[C@@]2(C)C(=CC1=O)CC[C@H]1C3=CC=C(c4cncc(F)c4)[C@@]3(C)CC[C@@H]12,CHEMBL3901395,7,intermediate
CC(=O)c1ccccc1-c1cnc2c(-c3cnccc3C)ccnn12,CHEMBL3902061,7.8,active
Cc1cc(C)cc(-c2cnc3c(-c4cnccc4C)ccnn23)c1,CHEMBL3902101,6.55,intermediate
Cn1cncc1-c1ccnc2c1cnn2-c1ccc(F)cc1,CHEMBL3902750,7.3,active
C[C@]12CC[C@H]3[C@@H](CC[C@H]4COC(=O)CC[C@]34C)[C@@H]1CC=C2c1cccnc1,CHEMBL3903639,7.96,potent
CN1C(=O)COC[C@@]2(C)C1CC[C@H]1[C@@H]3CC=C(c4cccnc4)[C@@]3(C)CC[C@@H]12,CHEMBL3904331,7.96,potent
C[C@]12CC[C@H]3[C@@H](CC[C@H]4CC(O)C[C@@]43C)[C@@H]1CC=C2n1ccnc1,CHEMBL3904373,7.96,potent
C[C@]12CC[C@H]3[C@@H](CCC4=CC(=O)NCC[C@@]43C)[C@@H]1CCC2n1ccnc1,CHEMBL3905483,7.96,potent
COc1ccc2c(c1)CCC(Cc1cnc[nH]1)=C2C,CHEMBL390569,6.96,intermediate
CCCOc1cncc(C2=CC[C@H]3[C@@H]4CCN5C(=O)CCCC[C@]5(C)[C@H]4CC[C@]23C)c1,CHEMBL3906470,7.96,potent
C[C@]12CC[C@H]3[C@@H](CC[C@H]4CCCCC[C@]34C)[C@@H]1CC=C2n1ccnc1,CHEMBL3908291,7.96,potent
Cc1ccncc1-c1ccnn2c(-c3cccc(Cl)c3)cnc12,CHEMBL3908531,7.01,active
COc1cncc(C2=CC[C@H]3[C@@H]4CCC5=CC(=O)N(C)CC[C@]5(C)[C@H]4CC[C@]23C)c1,CHEMBL3911633,7.96,potent
CCS(=O)(=O)N1CCN(c2ccc(OC[C@@H]3CO[C@@](Cn4ccnc4)(c4ccc(Cl)cc4Cl)O3)cc2)CC1,CHEMBL3913908,9.14,potent
CN1CC[C@@]2(C)C(=CC1=O)C1CC1[C@H]1C3=CC=C(c4cccnc4)[C@@]3(C)CC[C@@H]12,CHEMBL3914206,8,potent
COc1cncc(C2=CC[C@H]3[C@@H]4CC=C5N(C)C(=O)C[C@]5(C)[C@H]4CC[C@]23C)c1,CHEMBL3914413,7.96,potent
Fc1ccc(-c2cnc3c(-c4cccnc4)ccnn23)cc1,CHEMBL3916537,6.28,intermediate
Cc1ccncc1-c1cccc2c1ncn2-c1cccnn1,CHEMBL3917734,6.6,intermediate
CN1CC=C2CC[C@H]3[C@@H]4CC=C(c5cccnc5)[C@@]4(C)CC[C@@H]3[C@@]2(C)CC1,CHEMBL3918878,7.96,potent
CCc1c(F)cncc1-c1nc2ccc(F)cn2c1C1CC1,CHEMBL3919759,5.24,inactive
COc1cncc(C2=CC=C3[C@@H]4CCC5=CC(=O)NCC[C@]5(C)[C@H]4CC[C@]23C)c1,CHEMBL3919772,7.96,potent
CC1C[C@H]2C3=CC=C(c4cncc(F)c4)[C@@]3(C)CC[C@@H]2[C@@]2(C)CCNC(=O)C=C12,CHEMBL3919907,8,potent
CCCOc1cncc(C2=CC[C@H]3[C@@H]4CCC5=CC(=O)NCC[C@]5(C)[C@H]4CC[C@]23C)c1,CHEMBL3920343,7.96,potent
CCc1cncc(C2=CC[C@H]3[C@@H]4CCC5=CC(=O)NCC[C@]5(C)[C@H]4CC[C@]23C)c1,CHEMBL3921360,7.96,potent
CCC(=O)N1CCC[C@@]2(C)C(CC[C@H]3[C@@H]4CC=C(c5cccnc5)[C@@]4(C)CC[C@@H]32)C1,CHEMBL3922014,7.96,potent
O=S(=O)(C1CC1)N1CCN(c2ccc(OC[C@@H]3CO[C@@](Cn4ccnc4)(c4ccc(Cl)cc4Cl)O3)cc2)CC1,CHEMBL3922888,8.43,potent
C[C@](O)(c1cncc(-c2nc3ccc(F)cn3c2C2CC2)c1)C(F)(F)F,CHEMBL3923127,5,inactive
Cc1c(F)cncc1-c1nc2ccc(F)cn2c1C1CC1,CHEMBL3924257,5,inactive
CCC(=O)N1CCC2CC[C@H]3[C@@H]4CC=C(c5cccnc5)[C@@]4(C)CC[C@@H]3[C@@]2(C)CC1,CHEMBL3924728,7.96,potent
Fc1ccc(-n2ncc3c(-c4cncn5cccc45)ccnc32)c(F)c1,CHEMBL3925996,7.12,active
CN1CC[C@@]2(C)C(=CC1=O)CC[C@H]1[C@@H]3CC=C(c4cccnc4)[C@@]3(C)CC[C@@H]12,CHEMBL3926933,7.96,potent
CC1C[C@H]2[C@@H]3CCC(c4cccnc4)[C@@]3(C)CC[C@@H]2[C@@]2(C)CCNC(=O)C=C12,CHEMBL3926991,8,potent
CC1C[C@H]2[C@@H]3CC=C(c4ccncc4)[C@@]3(C)CC[C@@H]2[C@@]2(C)CCNC(=O)C=C12,CHEMBL3927194,8,potent
Cc1cn(C2=CC[C@H]3[C@@H]4CCC5=CC(=O)NCC[C@]5(C)[C@H]4CC[C@]23C)cn1,CHEMBL3927378,7.96,potent
C[C@]12CC[C@H]3[C@@H](CC[C@H]4CCOCC[C@@]43C)[C@@H]1CC=C2c1cccnc1,CHEMBL3927545,7.96,potent
C[C@]12CC[C@H]3[C@@H](CC[C@H]4CC(=O)NCC[C@@]43C)C1=CC=C2c1cccnc1,CHEMBL3927990,7.96,potent
C[C@]12CC[C@H]3[C@@H](CCC4=CC(=O)NCC[C@@]43C)C1=CC=C2c1cccnc1,CHEMBL3930071,7.96,potent
Cn1cncc1-c1ccnc2c1cnn2-c1cccc(S(N)(=O)=O)c1,CHEMBL3931379,6.57,intermediate
Cc1cncc(C2=CC[C@H]3[C@@H]4CC[C@H]5CCOCC[C@]5(C)[C@H]4CC[C@]23C)c1,CHEMBL3931417,7.96,potent
O=S(=O)(C1CCOCC1)N1CCN(c2ccc(OC[C@@H]3CO[C@@](Cn4ccnc4)(c4ccc(Cl)cc4Cl)O3)cc2)CC1,CHEMBL3931836,7.96,active
C[C@]12CC[C@H]3[C@@H](CCC4=CC(=O)NCC[C@@]43C)[C@@H]1CC=C2c1cccnc1,CHEMBL3932281,7.96,potent
Cc1cncc(C2=CC[C@H]3[C@@H]4CCC5=CC(=O)N(C)CC[C@]5(C)[C@H]4CC[C@]23C)c1,CHEMBL3933026,7.96,potent
Cc1ccncc1C1=CC[C@H]2[C@@H]3CC[C@H]4CC(=O)NCC[C@]4(C)[C@H]3CC[C@]12C,CHEMBL3935756,7.82,active
Cc1cncc(C2=CC[C@H]3[C@@H]4CC[C@H]5COCCC[C@]5(C)[C@H]4CC[C@]23C)c1,CHEMBL3936040,7.96,potent
CCCC(=O)N1CCC2CC[C@H]3[C@@H]4CC=C(n5ccnc5)[C@@]4(C)CC[C@@H]3[C@@]2(C)CC1,CHEMBL3936206,7.96,potent
C[C@]12CC[C@H]3[C@@H](CCC4=CC(=O)NCC[C@@]43C)[C@@H]1CC=C2c1cncc(C(F)F)c1,CHEMBL3937534,7.96,potent
Cc1cncc(C2=CC[C@H]3[C@@H]4CCC5=CC(=O)NCC[C@]5(C)[C@H]4CC[C@]23C)c1,CHEMBL3938001,7.96,potent
O=S(=O)(N1CCN(c2ccc(OC[C@@H]3CO[C@@](Cn4ccnc4)(c4ccc(Cl)cc4Cl)O3)cc2)CC1)C(F)(F)F,CHEMBL3938615,7.17,active
CCC(=O)N1CCC[C@]2(C)[C@H]3CC[C@]4(C)C(n5ccnc5)=CC[C@H]4[C@]3(C)CC[C@H]2C1,CHEMBL3938811,8,potent
COC(=O)N1CCC[C@]2(C)[C@H]3CC[C@]4(C)C(n5ccnc5)=CC[C@H]4[C@@H]3CC[C@H]2C1,CHEMBL3941532,7,intermediate
C[C@]12CC[C@H]3[C@@H](CCC4CC(O)C[C@@]43C)[C@@H]1CC=C2c1cncc(F)c1,CHEMBL3941797,7.96,potent
C[C@]12CC[C@H]3[C@@H](CCC4CC(O)C[C@@]43C)[C@@H]1CC=C2c1cccnc1,CHEMBL3944486,7.96,potent
CN1CC[C@@]2(C)C(=CC1=O)CC[C@H]1[C@@H]3CC=C(n4ccnc4)[C@@]3(C)CC[C@@H]12,CHEMBL3945779,7.96,potent
C[C@]12CC[C@H]3[C@@H](C4CC4C4=CC(=O)NCC[C@@]43C)[C@@H]1CC=C2c1cccnc1,CHEMBL3946031,7.96,potent
C[C@]12CC[C@H]3[C@@H](CCC4=CC(=O)NCC[C@@]43C)C1=CC=C2n1ccnc1,CHEMBL3946247,7.96,potent
CN1C(=O)CCC[C@@]2(C)C1=CC[C@H]1[C@@H]3CC=C(c4cccnc4)[C@@]3(C)CC[C@@H]12,CHEMBL3946740,7.96,potent
COc1cncc(C2=CC[C@H]3[C@@H]4CCN5C(=O)CCCC[C@]5(C)[C@H]4CC[C@]23C)c1,CHEMBL3946864,7.96,potent
C[C@]12CC[C@H]3[C@@H](CC[C@H]4CC(=O)C[C@@]43C)[C@@H]1CC=C2n1ccnc1,CHEMBL3948904,7.96,potent
C[C@]12CC[C@H]3[C@@H](CC[C@H]4CC(=O)NCC[C@@]43C)C1=CC=C2n1ccnc1,CHEMBL3951114,7.96,potent
Fc1cncc(-c2nc3cc(F)c(Cl)cn3c2C2CC2)c1,CHEMBL3951973,5,inactive
N#CCS(=O)(=O)N1CCN(c2ccc(OC[C@@H]3CO[C@@](Cn4ccnc4)(c4ccc(Cl)cc4Cl)O3)cc2)CC1,CHEMBL3952032,8.05,potent
CC1C[C@H]2C3=CC=C(c4cccnc4)[C@@]3(C)CC[C@@H]2[C@@]2(C)CCN(C)C(=O)C=C12,CHEMBL3952895,8,potent
C[C@]12CC[C@H]3[C@@H](CC(F)C4=CC(=O)NCC[C@@]43C)[C@@H]1CC=C2c1cccnc1,CHEMBL3953572,7.96,potent
NS(=O)(=O)c1cccc(-n2ncc3c(-c4cncc5ccccc45)ccnc32)c1,CHEMBL3953640,7.64,active
C[C@]12CC[C@H]3[C@@H](CCC4=CC(=O)NCC[C@@]43C)C1=CC=C2c1cncc(C(F)F)c1,CHEMBL3955454,7.96,potent
Cc1ccncc1-c1ccnn2c(-c3ccccc3)cnc12,CHEMBL3956116,7.39,active
CCc1cncc(C2=CC[C@H]3[C@@H]4CCN5C(=O)CCCC[C@]5(C)[C@H]4CC[C@]23C)c1,CHEMBL3957953,7.96,potent
C[C@]12CC[C@H]3[C@@H](CCC4=CC(=O)NCC[C@@]43C)[C@@H]1CC=C2n1ccnc1,CHEMBL3958077,7.96,potent
COC1C[C@H]2[C@@H]3CC=C(n4ccnc4)[C@@]3(C)CC[C@@H]2[C@@]2(C)CCC3CC312,CHEMBL3958083,7.96,potent
Cc1ccncc1-c1ccnn2c(-c3cccc(C(F)(F)F)c3)cnc12,CHEMBL3958248,6.89,intermediate
CN1CC[C@@]2(C)C(=CC1=O)CC[C@H]1C3=CC=C(n4ccnc4)[C@@]3(C)CC[C@@H]12,CHEMBL3958877,7.82,active
O=S(=O)(c1cccs1)N1CCN(c2ccc(OC[C@@H]3CO[C@@](Cn4ccnc4)(c4ccc(Cl)cc4Cl)O3)cc2)CC1,CHEMBL3960724,8.05,potent
COc1cncc(C2=CC[C@H]3[C@@H]4CC[C@H]5CCOCC[C@]5(C)[C@H]4CC[C@]23C)c1,CHEMBL3961920,7.96,potent
Fc1ccc(-n2ncc3c(-n4ccnc4)ccnc32)cc1,CHEMBL3962764,6.19,intermediate
COCCS(=O)(=O)N1CCN(c2ccc(OC[C@@H]3CO[C@@](Cn4ccnc4)(c4ccc(Cl)cc4Cl)O3)cc2)CC1,CHEMBL3964421,7.72,active
COc1cncc(C2=CC[C@H]3[C@@H]4CCC5=CC(=O)NCC[C@]5(C)[C@H]4CC[C@]23C)c1,CHEMBL3964663,7.96,potent
Cc1ccncc1-c1ccnn2c(-c3cccs3)cnc12,CHEMBL3965336,8.05,potent
CCOc1cncc(C2=CC[C@H]3[C@@H]4CC[C@H]5COCCC[C@]5(C)[C@H]4CC[C@]23C)c1,CHEMBL3966729,7.96,potent
C[C@]12CC[C@H]3[C@@H](CC(O)C45CC4CC[C@]35C)C1=CC=C2c1cccnc1,CHEMBL3967106,7.96,potent
C[C@]12CC[C@H]3[C@@H](C4CC4C4=CC(=O)NCC[C@@]43C)[C@@H]1CC=C2c1cncc(F)c1,CHEMBL3967361,7.96,potent
O=S(=O)(C(F)F)N1CCN(c2ccc(OC[C@@H]3CO[C@@](Cn4ccnc4)(c4ccc(Cl)cc4Cl)O3)cc2)CC1,CHEMBL3968178,8.1,potent
C[C@]12CC[C@H]3[C@@H](CC[C@H]4CC(=O)NCC[C@@]43C)[C@@H]1CC=C2n1ccnn1,CHEMBL3968394,7.96,potent
C[C@]12CC[C@H]3[C@@H](CCC4=CC(=O)NCC[C@@]43C)[C@@H]1CC=C2n1cncn1,CHEMBL3970637,7.96,potent
NS(=O)(=O)c1cccc(-n2ncc3c(-c4cncc5ncccc45)ccnc32)c1,CHEMBL3971564,6.69,intermediate
Cc1cccc(-c2cnc3c(-c4cnccc4C)ccnn23)c1,CHEMBL3972117,6.92,intermediate
C[C@]12CC[C@H]3[C@@H](CC[C@H]4CC(O)C[C@@]43C)[C@@H]1CC=C2n1ccnn1,CHEMBL3972629,7.3,active
C[C@]12CC[C@H]3[C@@H](CC[C@H]4CC(=O)OCC[C@@]43C)[C@@H]1CC=C2c1cccnc1,CHEMBL3976046,7.96,potent
C[C@]12CC[C@H]3[C@@H](CCN4C(=O)CCCC[C@]34C)[C@@H]1CC=C2c1cccnc1,CHEMBL3976368,7.96,potent
COc1cncc(C2=CC=C3[C@@H]4CCC5=CC(=O)N(C)CC[C@]5(C)[C@H]4CC[C@]23C)c1,CHEMBL3978652,7.96,potent
CS(=O)(=O)CS(=O)(=O)N1CCN(c2ccc(OC[C@@H]3CO[C@@](Cn4ccnc4)(c4ccc(Cl)cc4Cl)O3)cc2)CC1,CHEMBL3980889,8.15,potent
Cc1ccncc1-c1ccnn2c(-c3cc(Cl)cc(Cl)c3)cnc12,CHEMBL3981830,6.18,intermediate
COc1cncc(C2CC[C@H]3[C@@H]4CCC5=CC(=O)NCC[C@]5(C)[C@H]4CC[C@]23C)c1,CHEMBL3982013,7.96,potent
C[C@]12CC[C@H]3[C@@H](CC[C@H]4COCCC[C@]34C)[C@@H]1CC=C2c1cccnc1,CHEMBL3982387,7.96,potent
CS(=O)(=O)N1CCN(c2ccc(OC[C@@H]3CO[C@@](Cn4ccnc4)(c4ccc(Cl)cc4Cl)O3)cc2)CC1,CHEMBL3983734,7.82,active
COc1cncc(C2=CC[C@H]3[C@@H]4CC[C@H]5COCCC[C@]5(C)[C@H]4CC[C@]23C)c1,CHEMBL3984933,7.96,potent
Cc1cncc(C2=CC=C3[C@@H]4CCC5CC(=O)NCC[C@]5(C)[C@H]4CC[C@]23C)c1,CHEMBL3986070,7.96,potent
CCC(c1ccc(-c2cscc2C)cc1)n1ccnc1,CHEMBL402971,6.23,intermediate
CCC(c1ccc(-c2ccsc2)cc1)n1ccnc1,CHEMBL403475,6.43,intermediate
CCC(c1ccc(-c2cscc2C)cc1F)n1ccnc1,CHEMBL403808,6.63,intermediate
CCC(c1ccc(-c2ccsc2Cl)cc1)n1ccnc1,CHEMBL403852,6.58,intermediate
Cc1ccncc1CN1CCc2c(sc3ccc(F)cc23)C1,CHEMBL4059780,7.7,active
COc1cncc(CN2CCc3c(sc4ccc(F)cc34)C2)c1,CHEMBL4063960,7.35,active
Oc1ccc2sc3c(c2c1)CCN(Cc1cccnc1)C3,CHEMBL4064141,7.63,active
CC(C)(O)c1cncc(-n2ncc3c(C(F)(F)F)cccc32)c1,CHEMBL4067000,5,inactive
Fc1ccc2sc3c(c2c1)CCN(Cc1c[nH]cn1)C3,CHEMBL4068802,7.61,active
C[C@](O)(c1cncc(-n2nc(C(F)(F)F)c3ccccc32)c1)C(F)(F)F,CHEMBL4071689,5,inactive
N#Cc1ccc(COc2ccc(C#Cc3ccc(C(F)(F)C(O)(Cn4cnnn4)c4ccc(F)cc4F)nc3)cc2)cc1,CHEMBL4077246,4.42,inactive
Cc1nn(-c2cncc([C@@](C)(O)C(F)(F)F)c2)c2ccccc12,CHEMBL4080256,5,inactive
Cc1nn(-c2cncc(C(C)(C)O)c2)c2cccc(F)c12,CHEMBL4080420,5,inactive
Fc1cncc(CN2CCc3c(sc4ccc(F)cc34)C2)c1,CHEMBL4091726,7.34,active
Cc1nn(-c2cncc([C@](C)(O)C(F)(F)F)c2)c2ccccc12,CHEMBL4098297,5,inactive
Fc1ccc2sc3c(c2c1)CCN(Cc1cccnc1)C3,CHEMBL4101612,7.54,active
O=S(=O)(C1CC1)N1CCN(c2ccc(/C=C/c3cc(F)cc(Cn4ccnc4)c3)cc2)CC1,CHEMBL4125765,7.47,active
N#CCS(=O)(=O)N1CCN(c2ccc(/C=C/c3cc(F)cc(Cn4ccnc4)c3)cc2)CC1,CHEMBL4125902,7.07,active
CS(=O)(=O)N1CCN(c2ccc(/C=C/c3cc(F)cc(Cn4ccnc4)c3)cc2)CC1,CHEMBL4125996,7.24,active
CS(=O)(=O)N1CCN(c2ccc(/C=C/c3cc(Cl)cc(-c4ccncc4)c3)cc2)CC1,CHEMBL4126014,8.3,potent
CCS(=O)(=O)N1CCN(c2ccc(/C=C/c3cc(F)cc(-c4ccncc4)c3)cc2)CC1,CHEMBL4126284,8.3,potent
CS(=O)(=O)N1CCN(c2ccc(/C=C/c3cc(Cl)cc(Cn4ccnc4)c3)cc2)CC1,CHEMBL4126412,6.74,intermediate
CS(=O)(=O)N1CCN(c2ccc(/C=C/c3cc(F)cc(-c4ccncc4)c3)cc2)CC1,CHEMBL4126429,8.3,potent
N=C(N)N1CCN(c2ccc(/C=C/c3cc(F)cc(Cn4ccnc4)c3)cc2)CC1,CHEMBL4126731,5.92,inactive
Clc1cc(/C=C/c2ccc(N3CCN(C4=NCCO4)CC3)cc2)cc(-c2ccncc2)c1,CHEMBL4126816,8.3,potent
O=S(=O)(C(F)F)N1CCN(c2ccc(/C=C/c3cc(F)cc(-c4ccncc4)c3)cc2)CC1,CHEMBL4126956,8.3,potent
O=S(=O)(C1CC1)N1CCN(c2ccc(/C=C/c3cc(F)cc(-c4ccncc4)c3)cc2)CC1,CHEMBL4126996,9,potent
O=S(=O)(C(F)F)N1CCN(c2ccc(/C=C/c3cc(F)cc(Cn4ccnc4)c3)cc2)CC1,CHEMBL4127131,8.3,potent
O=S(=O)(c1c[nH]cn1)N1CCN(c2ccc(/C=C/c3cc(Cl)cc(Cn4ccnc4)c3)cc2)CC1,CHEMBL4127240,8.21,potent
CC(C)S(=O)(=O)N1CCN(c2ccc(/C=C/c3cc(Cl)cc(-c4ccncc4)c3)cc2)CC1,CHEMBL4127256,8.3,potent
CC(C)S(=O)(=O)N1CCN(c2ccc(/C=C/c3cc(F)cc(Cn4ccnc4)c3)cc2)CC1,CHEMBL4127378,7.41,active
O=S(=O)(C1CC1)N1CCN(c2ccc(/C=C/c3cc(Cl)cc(Cn4ccnc4)c3)cc2)CC1,CHEMBL4127385,7.68,active
CC(=O)N1CCN(c2ccc(/C=C/c3cc(Cl)cc(-c4ccncc4)c3)cc2)CC1,CHEMBL4127399,8.3,potent
CC(C)S(=O)(=O)N1CCN(c2ccc(/C=C/c3cc(F)cc(-c4ccncc4)c3)cc2)CC1,CHEMBL4127656,9,potent
Fc1cc(/C=C/c2ccc(N3CCN(C4=NCCCO4)CC3)cc2)cc(Cn2ccnc2)c1,CHEMBL4127969,7.38,active
N=C(N)N1CCN(c2ccc(/C=C/c3cc(Cl)cc(Cn4ccnc4)c3)cc2)CC1,CHEMBL4128105,5.6,inactive
N=C(N)N1CCN(c2ccc(/C=C/c3cc(F)cc(-c4ccncc4)c3)cc2)CC1,CHEMBL4128197,7.74,active
O=S(=O)(N1CCN(c2ccc(/C=C/c3cc(F)cc(-c4ccncc4)c3)cc2)CC1)C(F)(F)F,CHEMBL4128368,8.7,potent
CCS(=O)(=O)N1CCN(c2ccc(/C=C/c3cc(Cl)cc(Cn4ccnc4)c3)cc2)CC1,CHEMBL4128449,7.62,active
N#CCS(=O)(=O)N1CCN(c2ccc(/C=C/c3cc(Cl)cc(-c4ccncc4)c3)cc2)CC1,CHEMBL4128495,8.22,potent
O=S(=O)(c1cccnc1)N1CCN(c2ccc(/C=C/c3cc(Cl)cc(Cn4ccnc4)c3)cc2)CC1,CHEMBL4128621,7.77,active
O=S(=O)(C1CC1)N1CCN(c2ccc(/C=C/c3cc(Cl)cc(-c4ccncc4)c3)cc2)CC1,CHEMBL4128640,8.3,potent
Clc1cc(/C=C/c2ccc(N3CCN(C4=NCCO4)CC3)cc2)cc(Cn2ccnc2)c1,CHEMBL4129210,7,active
Fc1cc(/C=C/c2ccc(N3CCN(C4=NCCO4)CC3)cc2)cc(Cn2ccnc2)c1,CHEMBL4129355,6.93,intermediate
Fc1cc(/C=C/c2ccc(N3CCN(C4=NCCO4)CC3)cc2)cc(-c2ccncc2)c1,CHEMBL4129428,8.3,potent
CC(=O)N1CCN(c2ccc(/C=C/c3cc(Cl)cc(Cn4ccnc4)c3)cc2)CC1,CHEMBL4129703,7.38,active
CC(=O)N1CCN(c2ccc(/C=C/c3cc(F)cc(-c4ccncc4)c3)cc2)CC1,CHEMBL4129721,8.34,potent
O=S(=O)(C(F)F)N1CCN(c2ccc(/C=C/c3cc(Cl)cc(-c4ccncc4)c3)cc2)CC1,CHEMBL4129859,8.3,potent
N=C(N)N1CCN(c2ccc(/C=C/c3cc(Cl)cc(-c4ccncc4)c3)cc2)CC1,CHEMBL4130227,10.77,potent
CC1(C)CC(=O)c2c(noc2Cc2ccccc2)C1,CHEMBL4207995,4.5,inactive
C[C@]12CC[C@H]3[C@@H](CC(=O)N[C@H]4C[C@@H](O)CC[C@@]43C)[C@@H]1CC=C2c1cccnc1,CHEMBL4210952,6.64,intermediate
CC1(C)CC(=O)c2c(noc2Cc2ccc(S(C)(=O)=O)cc2)C1,CHEMBL4211126,4.5,inactive
COc1ccc(Cc2onc3c2C(=O)CC(C)(C)C3)cc1,CHEMBL4212612,4.5,inactive
CN(CCO)C(=O)c1ccc(Cc2onc3c2C(=O)CC(C)(C)C3)cc1,CHEMBL4214618,4.5,inactive
CC(=O)N1CC[C@H]2[C@@H]3CC=C(c4cccnc4)[C@@]3(C)CC[C@@H]2[C@@]2(C)CC[C@H](O)C[C@H]12,CHEMBL4276910,5.86,inactive
COCCOC(=O)N1CCN(c2ccc(CO[C@H]3CO[C@@](Cn4ccnc4)(c4ccccc4Cl)OC3)cc2)CC1,CHEMBL4277054,5.6,inactive
CCOC(=O)CNC(=O)N1CCN(c2ccc(CO[C@H]3CO[C@](Cn4ccnc4)(c4ccccc4Cl)OC3)cc2)CC1,CHEMBL4278033,7.4,active
COCCOC(=O)N1CCN(c2ccc(CO[C@H]3CO[C@](Cn4ccnc4)(c4ccccc4Cl)OC3)cc2)CC1,CHEMBL4278076,7.7,active
Clc1ccccc1[C@]1(Cn2ccnc2)OC[C@@H](OCc2ccc(-c3ccncc3)cc2)CO1,CHEMBL4279058,7.38,active
CC(C)S(=O)(=O)N1CCN(c2ccc(/C=C/c3cc(Cl)cc(Cn4ccnc4)c3)cc2)CC1,CHEMBL4279221,7.42,active
Clc1cc(/C=C/c2ccc(N3CCN(CC4CC4)CC3)cc2)cc(Cn2ccnc2)c1,CHEMBL4279416,7.77,active
N#Cc1cccc(S(=O)(=O)N2CCN(c3ccc(CO[C@H]4CO[C@](Cn5ccnc5)(c5ccc(Cl)cc5Cl)OC4)cc3)CC2)c1,CHEMBL4279441,7.12,active
N#Cc1cccc(CN2CCN(c3ccc(/C=C/c4cc(Cl)cc(Cn5ccnc5)c4)cc3)CC2)c1,CHEMBL4279727,7.6,active
CC(=O)N1CCN(c2ccc(CCc3cc(F)cc(-c4ccncc4)c3)cc2)CC1,CHEMBL4279912,7.68,active
CS(=O)(=O)N1CCN(c2ccc(CO[C@H]3CO[C@@](Cn4ccnc4)(c4ccccc4Cl)OC3)cc2)CC1,CHEMBL4280259,5.82,inactive
O=S(=O)(N1CCN(c2ccc(CCc3cc(F)cc(-c4ccncc4)c3)cc2)CC1)C(F)(F)F,CHEMBL4280378,7.78,active
O=C(C1CC1)N1CCN(c2ccc(/C=C/c3cc(Cl)cc(Cn4ccnc4)c3)cc2)CC1,CHEMBL4280777,7.32,active
CC(=O)N1CCN(c2ccc(/C=C/c3cc(O)cc(-n4ccnc4)c3)cc2)CC1,CHEMBL4280985,6.66,intermediate
CC(C)=C(c1cccnc1)c1cc(Cl)cc(/C=C/c2ccc(-c3ccncc3)cc2)c1,CHEMBL4281147,6.52,intermediate
CN(C)C(=O)N1CCN(c2ccc(CO[C@H]3CO[C@](Cn4ccnc4)(c4ccccc4Cl)OC3)cc2)CC1,CHEMBL4281307,7.57,active
CC(=O)N1CCN(c2ccc(/C=C/c3cc(Cl)cc(Cc4cccnc4)c3)cc2)CC1,CHEMBL4281653,7.46,active
Clc1ccccc1[C@]1(Cn2ccnc2)OC[C@H](OCc2ccc(N3CCOCC3)cc2)CO1,CHEMBL4281673,5.1,inactive
CC(=O)N1CCN(c2ccc(/C=C/c3cc(O)cc(Cn4ccnc4)c3)cc2)CC1,CHEMBL4282398,7.06,active
CC(=O)N1CCN(c2ccc(/C=C/c3cc(Cl)cc(C(O)(c4cccnc4)C(C)C)c3)cc2)CC1,CHEMBL4282697,6.62,intermediate
CC(=O)N1CCN(c2ccc(CO[C@H]3CO[C@](Cn4ccnc4)(c4ccccc4Cl)OC3)cc2)CC1,CHEMBL4283034,6.84,intermediate
CC(=O)N1CCN(c2ccc(/C=C/c3cc(Cl)cc(C(=C(C)C)c4cccnc4)c3)cc2)CC1,CHEMBL4283084,6.68,intermediate
N#Cc1cccc(C(=O)N2CCN(c3ccc(/C=C/c4cc(Cl)cc(Cn5ccnc5)c4)cc3)CC2)c1,CHEMBL4283190,7.66,active
CCOC(=O)CNC(=O)N1CCN(c2ccc(CO[C@H]3CO[C@@](Cn4ccnc4)(c4ccccc4Cl)OC3)cc2)CC1,CHEMBL4283221,5,inactive
O=S(=O)(c1cccnc1)N1CCN(c2ccc(CO[C@H]3CO[C@](Cn4ccnc4)(c4ccc(Cl)cc4Cl)OC3)cc2)CC1,CHEMBL4283318,7.89,active
CCOC(=O)CNC(=O)N1CCN(c2ccc(/C=C/c3cc(F)cc(-c4ccncc4)c3)cc2)CC1,CHEMBL4283402,8.1,potent
Fc1cc(/C=C/c2ccc(-c3ccncc3)cc2)cc(-c2ccncc2)c1,CHEMBL4283570,7.96,active
O=S(=O)(C1CC1)N1CCN(c2ccc(CO[C@H]3CO[C@](Cn4ccnc4)(c4ccc(Cl)cc4Cl)OC3)cc2)CC1,CHEMBL4283588,7.96,active
O=S(=O)(c1cccc(OC(F)(F)F)c1)N1CCN(c2ccc(CO[C@H]3CO[C@](Cn4ccnc4)(c4ccc(Cl)cc4Cl)OC3)cc2)CC1,CHEMBL4284316,7,intermediate
Fc1cc(/C=C/c2ccc(Br)cc2)cc(-c2ccncc2)c1,CHEMBL4284598,7.38,active
O=S(=O)(CCCCl)N1CCN(c2ccc(CO[C@H]3CO[C@](Cn4ccnc4)(c4ccc(Cl)cc4Cl)OC3)cc2)CC1,CHEMBL4284620,6.97,intermediate
CCOC(=O)CNC(=O)NC1CCN(c2ccc(/C=C/c3cc(Cl)cc(Cn4ccnc4)c3)cc2)CC1,CHEMBL4284756,8.46,potent
CC(=O)N1CCN(c2ccc(/C=C/c3cc(F)cc(-c4cccnc4)c3)cc2)CC1,CHEMBL4285301,6.21,intermediate
CS(=O)(=O)N1CCN(c2ccc(CO[C@H]3CO[C@](Cn4ccnc4)(c4ccccc4Cl)OC3)cc2)CC1,CHEMBL4285420,7.92,active
CCS(=O)(=O)N1CCN(c2ccc(CCc3cc(F)cc(-c4ccncc4)c3)cc2)CC1,CHEMBL4285546,8.7,potent
CC(=O)N1CCN(c2ccc(CO[C@H]3CO[C@@](Cn4ccnc4)(c4ccccc4Cl)OC3)cc2)CC1,CHEMBL4285744,5,inactive
O=S(=O)(CCCCl)N1CCN(c2ccc(/C=C/c3cc(Cl)cc(Cn4ccnc4)c3)cc2)CC1,CHEMBL4286077,7.51,active
Clc1ccccc1[C@]1(Cn2ccnc2)OC[C@@H](OCc2ccc(N3CCOCC3)cc2)CO1,CHEMBL4286761,6.59,intermediate
Fc1cc(/C=C/c2ccc(N3CCN(CC4CC4)CC3)cc2)cc(-c2ccncc2)c1,CHEMBL4286910,8.3,potent
CC(=O)N1CCN(c2ccc(/C=C/c3cc(Cl)cc(-c4cccnc4)c3)cc2)CC1,CHEMBL4287119,6.21,intermediate
CC(C)S(=O)(=O)N1CCN(c2ccc(CO[C@H]3CO[C@](Cn4ccnc4)(c4ccc(Cl)cc4Cl)OC3)cc2)CC1,CHEMBL4287608,7.96,active
O=[N+]([O-])c1cccc(S(=O)(=O)N2CCN(c3ccc(/C=C/c4cc(Cl)cc(Cn5ccnc5)c4)cc3)CC2)c1,CHEMBL4287787,8.05,potent
O=S(=O)(c1cccnc1)N1CCN(c2ccc(/C=C/c3cc(F)cc(-c4ccncc4)c3)cc2)CC1,CHEMBL4288168,8.15,potent
CCOC(=O)CNC(=O)N1CCN(c2ccc(CCc3cc(F)cc(-c4ccncc4)c3)cc2)CC1,CHEMBL4288241,8.15,potent
O=S(=O)(c1cccc(OC(F)(F)F)c1)N1CCN(c2ccc(/C=C/c3cc(Cl)cc(Cn4ccnc4)c3)cc2)CC1,CHEMBL4288256,7.77,active
O=S(=O)(c1c[nH]cn1)N1CCN(c2ccc(CO[C@H]3CO[C@](Cn4ccnc4)(c4ccc(Cl)cc4Cl)OC3)cc2)CC1,CHEMBL4288383,7.17,active
Fc1cc(CCc2ccc(-c3ccncc3)cc2)cc(-c2ccncc2)c1,CHEMBL4288457,6.72,intermediate
CC(=O)N1CCN(c2ccc(CO[C@H]3CO[C@@](Cn4ccnc4)(c4ccc(Cl)cc4Cl)OC3)cc2)CC1,CHEMBL4288652,5.96,inactive
CC(=O)N1CCN(c2ccc(/C=C/c3cc(Cl)cc(COc4cccnc4)c3)cc2)CC1,CHEMBL4288970,6.87,intermediate
C[C@]12CC[C@H]3[C@@H](Cc4nnnn4[C@H]4C[C@@H](O)CC[C@]34C)[C@@H]1CC=C2c1cccnc1,CHEMBL4289220,6.7,intermediate
CC(C)S(=O)(=O)N1CCN(c2ccc(CCc3cc(F)cc(-c4ccncc4)c3)cc2)CC1,CHEMBL4289268,8.4,potent
CC(=O)N1CCN(c2ccc(CO[C@H]3CO[C@](Cn4ccnc4)(c4ccc(Cl)cc4Cl)OC3)cc2)CC1,CHEMBL4289930,8.1,potent
O=S(=O)(C1CC1)N1CCN(c2ccc(CCc3cc(F)cc(-c4ccncc4)c3)cc2)CC1,CHEMBL4289969,8.52,potent
Clc1ccc([C@]2(Cn3ccnc3)OC[C@@H](OCc3ccc(-c4ccncc4)cc3)CO2)c(Cl)c1,CHEMBL4290805,7.48,active
CCOC(=O)CNC(=O)N1CCN(c2ccc(/C=C/c3cc(Cl)cc(Cn4ccnc4)c3)cc2)CC1,CHEMBL4291002,8.4,potent
Oc1cc(/C=C/c2ccc(Br)cc2)cc(-n2ccnc2)c1,CHEMBL4291582,5.92,inactive
CCS(=O)(=O)N1CCN(c2ccc(CO[C@H]3CO[C@](Cn4ccnc4)(c4ccc(Cl)cc4Cl)OC3)cc2)CC1,CHEMBL4291856,8.05,potent
N#Cc1cccc(S(=O)(=O)N2CCN(c3ccc(/C=C/c4cc(Cl)cc(Cn5ccnc5)c4)cc3)CC2)c1,CHEMBL4292267,7.68,active
O=[N+]([O-])c1cc(S(=O)(=O)N2CCN(c3ccc(/C=C/c4cc(Cl)cc(Cn5ccnc5)c4)cc3)CC2)ccc1Cl,CHEMBL4293278,6.97,intermediate
O=C(c1cccc([N+](=O)[O-])c1)N1CCN(c2ccc(/C=C/c3cc(Cl)cc(Cn4ccnc4)c3)cc2)CC1,CHEMBL4293550,7.77,active
O=C(c1cccnc1)N1CCN(c2ccc(/C=C/c3cc(Cl)cc(Cn4ccnc4)c3)cc2)CC1,CHEMBL4294598,7.59,active
CC(C)(OC(=O)C12CC3CC(CC(C3)C1)C2)c1cccnc1,CHEMBL431843,7.04,active
N#Cc1ccc(Cn2ccnc2)c2c(=O)c3ccccc3oc12,CHEMBL442373,6.66,intermediate
CCC(c1ccc(-c2ccc(C#N)cc2)cc1)n1ccnc1,CHEMBL442568,5.3,inactive
C=CC(c1ccc(-c2ccccc2)cc1)n1ccnc1,CHEMBL443865,5.85,inactive
C[C@@H]1CCC2C(C)(C)C3CC21CC[C@@]3(C)OC(=O)C(C)(C)c1cccnc1,CHEMBL444068,6.17,intermediate
CC(c1ccc(-c2ccc(F)cc2)cc1)n1ccnc1,CHEMBL445171,5.96,inactive
CN1C(=O)CCc2cc(-c3cccnc3)ccc21,CHEMBL446083,6.5,intermediate
CCCC(c1ccc(-c2ccccc2)cc1)n1ccnc1,CHEMBL449343,6.24,intermediate
CC(c1ccc2c(c1)[nH]c1cc(F)ccc12)n1ccnc1,CHEMBL454217,6.93,intermediate
CCC1(c2ccc(N)cc2)CCC(=O)NC1=O,CHEMBL488,4.22,inactive
CCc1ccc(-c2ccc(C(CC)n3ccnc3)cc2)cc1,CHEMBL496257,5.7,inactive
CCC(c1ccc(-c2ccc(N(CC)CC)cc2)cc1)n1ccnc1,CHEMBL496258,5.3,inactive
OC1(c2ccncc2)CCCc2cc(-c3ccc(F)c(F)c3)ccc21,CHEMBL496262,6.37,intermediate
COc1ccc(-c2ccc3c(c2)CCCC3(O)c2ccncc2)cc1F,CHEMBL496263,5.3,inactive
Br.Oc1ccc(-c2ccc3c(c2)CCC=C3c2ccncc2)cc1F,CHEMBL496286,6.73,intermediate
Cl.Fc1ccc(-c2ccc3c(c2)CCC3c2cccnc2)cc1,CHEMBL496287,4.7,inactive
Cl.Fc1ccc(-c2ccc3c(c2)CCC3c2ccncc2)cc1,CHEMBL496288,6.63,intermediate
Cl.Fc1ccc(-c2ccc3c(c2)CCCC3c2ccncc2)cc1,CHEMBL496289,6.79,intermediate
Cl.Fc1ccc(-c2ccc3c(c2)CCCC3c2ccncc2)cc1F,CHEMBL496456,5.91,inactive
CC(C)C(c1ccc(-c2ccccc2)cc1)n1ccnc1,CHEMBL496468,6.51,intermediate
Br.Oc1ccc(-c2ccc3c(c2)CCCC3c2ccncc2)cc1F,CHEMBL496469,7.19,active
COc1ccc(-c2ccc3c(c2)CC=C3c2ccncc2)cc1.Cl,CHEMBL497309,5.3,inactive
Cl.Fc1ccc(-c2ccc3c(c2)CCC=C3c2ccncc2)cc1,CHEMBL497480,5.3,inactive
Cl.Fc1ccc(-c2ccc3c(c2)CCC=C3c2ccncc2)cc1F,CHEMBL497481,5.3,inactive
CC(c1ccc(-c2ccccc2)cc1)n1ccnc1,CHEMBL497499,6.04,intermediate
CCC(c1ccc(-c2ccccc2)cc1)n1ccnc1,CHEMBL497500,6.35,intermediate
CC(C)CC(c1ccc(-c2ccccc2)cc1)n1ccnc1,CHEMBL497851,5.68,inactive
OC1(c2cccnc2)CCc2cc(-c3ccc(F)cc3)ccc21,CHEMBL498471,4.7,inactive
OC1(c2ccncc2)CCc2cc(-c3ccc(F)cc3)ccc21,CHEMBL498472,6.48,intermediate
CC(C)(C)C(c1ccc(-c2ccccc2)cc1)n1ccnc1,CHEMBL498522,6.34,intermediate
CCCCC(c1ccc(-c2ccccc2)cc1)n1ccnc1,CHEMBL498523,6.52,intermediate
c1ccc(-c2ccc(C(c3ccc(-c4ccccc4)cc3)n3ccnc3)cc2)cc1,CHEMBL498534,5.64,inactive
CCC(c1ccc(-c2ccc(SC)cc2)cc1)n1ccnc1,CHEMBL498641,5.51,inactive
CCC(c1ccc(-c2ccc(C)cc2)cc1)n1ccnc1,CHEMBL498642,5.3,inactive
COc1ccc(-c2ccc3c(c2)CCC3(O)c2ccncc2)cc1,CHEMBL498643,4.7,inactive
OC1(c2ccncc2)CCCc2cc(-c3ccc(F)cc3)ccc21,CHEMBL498652,6.23,intermediate
Cl.Fc1ccc(-c2ccc3c(c2)CC=C3c2ccncc2)cc1,CHEMBL498662,4.7,inactive
CC(c1ccc2c(c1)[nH]c1ccccc12)n1ccnc1,CHEMBL499882,6.55,intermediate
Fc1ccc(-c2ccc(C(CCCl)n3ccnc3)cc2)cc1,CHEMBL500139,6.12,intermediate
C=CC(c1ccc(-c2ccc(F)cc2)cc1)n1ccnc1,CHEMBL500140,5.3,inactive
CCC(c1ccc(-c2ccc(N3CCOCC3)cc2)cc1)n1ccnc1,CHEMBL500425,5.66,inactive
CCC(c1ccc(-c2ccc(NC(=O)OC(C)(C)C)cc2)cc1)n1ccnc1,CHEMBL500679,5.77,inactive
CCC(c1ccc(-c2ccc(O)cc2)cc1)n1ccnc1,CHEMBL500680,6.64,intermediate
CC(c1ccc2c(c1)Cc1ccccc1-2)n1ccnc1,CHEMBL501198,8.4,potent
CCC(CC)(c1ccc(-c2ccc(F)cc2)cc1)n1ccnc1,CHEMBL501446,5.89,inactive
CC(c1ccc2c(c1)Cc1cc(F)ccc1-2)n1ccnc1,CHEMBL501460,6.77,intermediate
c1ccc2c(c1)Cc1cc(Cn3ccnc3)ccc1-2,CHEMBL502542,6.41,intermediate
CC(C)(c1ccc(-c2ccc(F)cc2)cc1)n1ccnc1,CHEMBL502802,5.42,inactive
CCC(c1ccc(-c2ccc(N(C)C)cc2)cc1)n1ccnc1,CHEMBL503503,5.3,inactive
FC(F)(F)c1ccc(-c2ccc(Cn3ccnc3)cc2)cc1,CHEMBL504098,5.3,inactive
CC(c1ccc2c(c1)Cc1cc(O)ccc1-2)n1ccnc1,CHEMBL505550,7,active
Br.Oc1ccc(-c2ccc3c(c2)CCCC3c2ccncc2)cc1O,CHEMBL522228,6.84,intermediate
Fc1ccc(-c2ccc3c(c2)CCC3n2ccnc2)cc1,CHEMBL522414,6.17,intermediate
Cl.Fc1ccc(-c2ccc3c(c2)CC=C3c2cccnc2)cc1,CHEMBL522730,5.63,inactive
OCCC(c1ccc(-c2ccc(F)cc2)cc1)n1ccnc1,CHEMBL524681,5.3,inactive
CCC(c1ccc(-c2ccc(OC(F)(F)F)cc2)cc1)n1ccnc1,CHEMBL524989,5.3,inactive
Br.Oc1ccc(-c2ccc3c(c2)CCC=C3c2ccncc2)cc1O,CHEMBL526081,6.51,intermediate
c1ccc(-c2ccc(C(C3CCCCC3)n3ccnc3)cc2)cc1,CHEMBL526104,5.98,inactive
c1ccc(CC(c2ccc(-c3ccccc3)cc2)n2ccnc2)cc1,CHEMBL526293,6.11,intermediate
CCC(c1ccc(-c2ccc(NC(C)=O)cc2)cc1)n1ccnc1,CHEMBL526722,5.3,inactive
CCC(c1ccc(-c2ccc(F)cc2)cc1)n1ccnc1,CHEMBL527112,6.46,intermediate
COc1ccc(-c2ccc3c(c2)CCC3(O)c2ccncc2)cc1F,CHEMBL539168,5,inactive
CCC(c1ccc(-c2cccc(OC)c2)cc1)n1ccnc1,CHEMBL540997,6.73,intermediate
CCC(c1ccc(-c2ccc(O)c(Cl)c2)cc1)n1ccnc1,CHEMBL541941,6.66,intermediate
CCC(c1ccc(-c2ccc(O)c(O)c2)cc1)n1ccnc1,CHEMBL551253,6.82,intermediate
CCC(c1ccc(-c2ccc(OC)cc2)cc1)n1ccnc1,CHEMBL551254,5.3,inactive
CCC(c1ccc(-c2ccc(O)cc2)cc1F)n1ccnc1,CHEMBL556280,7.05,active
CCC(c1ccc(-c2cccc(O)c2)cc1)n1ccnc1,CHEMBL556833,6.79,intermediate
CCC(c1ccc(-c2cc(C)c(O)c(C)c2)cc1)n1ccnc1,CHEMBL557232,6.42,intermediate
CCC(c1ccc(-c2ccc(O)c(C)c2)cc1)n1ccnc1,CHEMBL557233,6.58,intermediate
CCC(c1ccc(-c2cc(O)cc(O)c2)cc1)n1ccnc1,CHEMBL565098,6.71,intermediate
CCC(c1ccc(-c2ccc(O)c(O)c2)cc1F)n1ccnc1,CHEMBL571003,7.28,active
CC(=O)N1CCN(c2ccc(OC[C@H]3CO[C@](Cn4ccnc4)(c4ccc(Cl)cc4Cl)O3)cc2)CC1,CHEMBL75,7.32,active
O=c1c2ccccc2oc2c(Br)ccc(Cn3ccnc3)c12,CHEMBL78322,7.38,active
N#Cc1ccc(C2CCCc3cncn32)cc1,CHEMBL9298,5.3,inactive
CC(C)(C(=O)c1cccnc1)c1cccnc1,CHEMBL934,5,inactive