ID,SMILES,pIC50,activity
CHEMBL2392004,Cc1nccn1C(=O)O[C@H]1CC[C@@]2(C)C(=CC[C@H]3[C@@H]4CC=C(n5cnc6ccccc65)[C@@]4(C)CC[C@@H]32)C1,4.03,3
CHEMBL2112761,C[C@H](N)[C@H]1CC[C@H]2[C@@H]3CC=C4C[C@@H](O)CC[C@]4(C)[C@H]3CC[C@]12C,4.05,3
CHEMBL4109884,CC(C)(CNC(=O)c1ccc2c(c1)CC[C@@H]1[C@@H]2CC[C@]2(C)C(c3cncc(F)c3)=CC[C@@H]12)C(=O)O,4.07,3
CHEMBL109347,O=C(NCc1cccnc1)C12CC3CC(CC(C3)C1)C2,4.16,3
CHEMBL488,CCC1(c2ccc(N)cc2)CCC(=O)NC1=O,4.22,3
CHEMBL138170,C/C(=N\N(C)C)C1=CCC2C3CC=C4C[C@@H](O)CC[C@]4(C)C3CC[C@]12C,4.36,3
CHEMBL4521939,CO[C@H]1CC[C@@]2(C)C(=CC[C@H]3[C@@H]4CC=C(n5cnc6ccccc65)[C@@]4(C)CC[C@@H]32)C1,4.41,3
CHEMBL4077246,N#Cc1ccc(COc2ccc(C#Cc3ccc(C(F)(F)C(O)(Cn4cnnn4)c4ccc(F)cc4F)nc3)cc2)cc1,4.42,3
CHEMBL4552506,C[C@]12CC[C@@H]3c4ccc(O)cc4CC[C@H]3[C@@H]1CC=C2n1cnc2ccccc21,4.59,3
CHEMBL4111690,C[C@]12CC[C@@H]3c4ccc(C(=O)NCC(=O)O)cc4CC[C@H]3[C@@H]1CC=C2c1cncc(F)c1,4.82,3
CHEMBL3259868,CC(C)C(O)(c1ccc2cc(-c3cccs3)ccc2c1)c1c[nH]nn1,4.92,3
CHEMBL2112281,C/C(=N/O)[C@@]1(O)CC[C@H]2[C@@H]3CC=C4C[C@@H](O)CC[C@]4(C)[C@H]3CC[C@@]21C,4.92,3
CHEMBL344668,C[C@]12CCC3C(CC=C4C[C@@H](O)CC[C@@]43C)C1CC/C2=N\O,4.97,3
CHEMBL4283221,CCOC(=O)CNC(=O)N1CCN(c2ccc(CO[C@H]3CO[C@@](Cn4ccnc4)(c4ccccc4Cl)OC3)cc2)CC1,5,3
CHEMBL4285744,CC(=O)N1CCN(c2ccc(CO[C@H]3CO[C@@](Cn4ccnc4)(c4ccccc4Cl)OC3)cc2)CC1,5,3
CHEMBL2112298,C[C@@H](N)[C@H]1CC[C@H]2[C@@H]3CC=C4C[C@@H](O)CC[C@]4(C)[C@H]3CC[C@@]21C,5.01,3
CHEMBL4281673,Clc1ccccc1[C@]1(Cn2ccnc2)OC[C@H](OCc2ccc(N3CCOCC3)cc2)CO1,5.1,3
CHEMBL114447,O=C(NCc1ccncc1)C12CC3CC(CC(C3)C1)C2,5.11,3
CHEMBL3793091,O=c1c(Cc2ccncc2)coc2cc(F)ccc12,5.18,3
CHEMBL2112764,C[C@@H](/C=N/O)[C@H]1CC[C@H]2[C@@H]3CCC4=CC(=O)CC[C@]4(C)[C@H]3CC[C@@]21C,5.22,3
CHEMBL78063,C[C@]12CCC3C(CC=C4C[C@@H](O)CC[C@@]43C)C1CC(=N\O)/C2=N\N,5.23,3
CHEMBL363364,C[C@]12CCC3C(CCC4=CC(=O)CC[C@@]43C)C1CC=C2n1nnc2ccccc21,5.24,3
CHEMBL3919759,CCc1c(F)cncc1-c1nc2ccc(F)cn2c1C1CC1,5.24,3
CHEMBL2112765,C/C(=N\N)[C@H]1CC[C@H]2[C@@H]3CC=C4C[C@@H](O)CC[C@]4(C)[C@H]3CC[C@]12C,5.31,3
CHEMBL3794430,O=c1c(Cc2ccncc2)coc2ccccc12,5.32,3
CHEMBL1215663,Oc1ccc(-c2ccc(C(O)c3cccnc3)cc2)cc1,5.39,3
CHEMBL137651,C#CC1CCC2C3CC=C4C[C@@H](O)CC[C@]4(C)C3CC[C@]12C,5.4,3
CHEMBL3099695,N#Cc1ccc([C@H]2CCc3cncn32)c(F)c1,5.4,3
CHEMBL4288206,CN[C@H]1C[C@H]2[C@@H]3CC=C(c4cccnc4)[C@@]3(C)CC[C@@H]2[C@@]2(C)CC[C@H](O)C[C@H]12,5.4,3
CHEMBL74606,C[C@]12CCC3C(CC=C4C[C@@H](O)CC[C@@]43C)C1CC=C2c1cnccn1,5.42,3
CHEMBL341564,C[C@]12CCC3C(CC=C4C[C@@H](O)CC[C@@]43C)C1CC/C2=N\N,5.42,3
CHEMBL502802,CC(C)(c1ccc(-c2ccc(F)cc2)cc1)n1ccnc1,5.42,3
CHEMBL307050,C[C@]12CCC3C(CC=C4C[C@@H](O)CC[C@@]43C)C1CC=C2n1nccn1,5.43,3
CHEMBL422456,C=CC1CCC2C3CC=C4C[C@@H](O)CC[C@]4(C)C3CC[C@]12C,5.43,3
CHEMBL1214661,COc1ccc(-c2ccc(Cc3ccncc3)cc2)cc1F,5.48,3
CHEMBL498641,CCC(c1ccc(-c2ccc(SC)cc2)cc1)n1ccnc1,5.51,3
CHEMBL365735,c1cncc(-c2ccc3ccccc3c2)c1,5.52,3
CHEMBL2163639,O=C1CCc2cc(C(C3CC3)n3ccnc3)cc3c2N1CC3,5.54,3
CHEMBL309691,C[C@]12CCC3C(CC=C4C[C@@H](O)CC[C@@]43C)C1CC=C2n1cnnn1,5.58,3
CHEMBL2112775,C[C@]12CC[C@H]3[C@@H](CC=C4C[C@@H](O)CC[C@@]43C)[C@@H]1CC[C@]2(O)[C@H]1CN1,5.6,3
CHEMBL4277054,COCCOC(=O)N1CCN(c2ccc(CO[C@H]3CO[C@@](Cn4ccnc4)(c4ccccc4Cl)OC3)cc2)CC1,5.6,3
CHEMBL4128105,N=C(N)N1CCN(c2ccc(/C=C/c3cc(Cl)cc(Cn4ccnc4)c3)cc2)CC1,5.6,3
CHEMBL522730,Fc1ccc(-c2ccc3c(c2)CC=C3c2cccnc2)cc1,5.63,3
CHEMBL498534,c1ccc(-c2ccc(C(c3ccc(-c4ccccc4)cc3)n3ccnc3)cc2)cc1,5.64,3
CHEMBL500425,CCC(c1ccc(-c2ccc(N3CCOCC3)cc2)cc1)n1ccnc1,5.66,3
CHEMBL2442760,CCn1ccc2c3c(Cn4ccnc4)cc(-c4ccccc4)nc3ccc21,5.67,3
CHEMBL497851,CC(C)CC(c1ccc(-c2ccccc2)cc1)n1ccnc1,5.68,3
CHEMBL496257,CCc1ccc(-c2ccc(C(CC)n3ccnc3)cc2)cc1,5.7,3
CHEMBL1214738,COc1ccc2cc(-c3ccc(Cc4ccncc4)cc3)ccc2c1,5.7,3
CHEMBL2333328,O=c1c2ccccc2oc2c(-c3ccccc3)ccc(Cn3ccnc3)c12,5.72,3
CHEMBL1215731,NC(=O)c1ccc(-c2ccc(Cc3ccncc3)cc2)cc1,5.75,3
CHEMBL3085257,C[C@]12CC[C@H]3[C@@H](CC=C4CC(O)CC[C@@]43C)[C@@H]1CC[C@H]2C1CS1,5.75,3
CHEMBL138580,CC12CCC(=O)CC1=CCC1C2CCC2(C)C(CC3CN3)CCC12,5.75,3
CHEMBL75,CC(=O)N1CCN(c2ccc(OC[C@H]3CO[C@](Cn4ccnc4)(c4ccc(Cl)cc4Cl)O3)cc2)CC1,5.75,3
CHEMBL2333337,Nc1ccc(Cn2ccnc2)c2c(=O)c3ccccc3oc12,5.76,3
CHEMBL1761683,CC(=O)O[C@H]1CC[C@@]2(C)C(=CC[C@H]3[C@@H]4CC=C(C(C)=O)[C@@]4(C)CC[C@@H]32)C1,5.77,3
CHEMBL422998,CC(=O)C1=CCC2C3CCC4=CC(=O)CC[C@]4(C)C3CC[C@]12C,5.77,3
CHEMBL500679,CCC(c1ccc(-c2ccc(NC(=O)OC(C)(C)C)cc2)cc1)n1ccnc1,5.77,3
CHEMBL2112280,C/C(=N/O)C1=CC=C2[C@@H]3CCC4=CC(=O)CC[C@]4(C)[C@H]3CC[C@]12C,5.77,3
CHEMBL2112746,C/C(=N/O)[C@H]1CC[C@H]2[C@@H]3CC=C4C[C@@H](O)CC[C@]4(C)[C@H]3CC[C@]12C,5.78,3
CHEMBL1215596,CCC(c1ccncc1)c1ccc(-c2ccc(OC)cc2)cc1,5.79,3
CHEMBL2163638,CC(C)C(c1cc2c3c(c1)CCN3C(=O)CC2)n1ccnc1,5.81,3
CHEMBL113647,O=C(OCc1cccnc1)C12CC3CC(CC(C3)C1)C2,5.82,3
CHEMBL4280259,CS(=O)(=O)N1CCN(c2ccc(CO[C@H]3CO[C@@](Cn4ccnc4)(c4ccccc4Cl)OC3)cc2)CC1,5.82,3
CHEMBL2111948,C[C@]12CC[C@H]3[C@@H](CC=C4CC(=O)CC[C@@]43C)[C@@H]1CC[C@@H]2[C@H]1CN1,5.82,3
CHEMBL2112772,C[C@]12CC[C@H]3[C@@H](CC=C4C[C@@H](O)CC[C@@]43C)[C@@H]1CC[C@@H]2[C@@H]1CN1,5.82,3
CHEMBL2420686,Oc1ccc2ccc(-c3cncnc3)c(Cl)c2c1,5.82,3
CHEMBL2112756,C[C@@H](O)[C@H]1CC[C@H]2[C@@H]3CCC4=CC(=O)CC[C@]4(C)[C@H]3CC[C@@]21C,5.84,3
CHEMBL1173726,CC(C)=C(c1ccncc1)c1ccc(-c2cccc(NC(=O)OC(C)(C)C)c2)cc1,5.84,3
CHEMBL443865,C=CC(c1ccc(-c2ccccc2)cc1)n1ccnc1,5.85,3
CHEMBL80388,C[C@]12CCC3C(CC=C4C[C@@H](O)CC[C@@]43C)C1CC=C2n1ncnn1,5.85,3
CHEMBL4276910,CC(=O)N1CC[C@H]2[C@@H]3CC=C(c4cccnc4)[C@@]3(C)CC[C@@H]2[C@@]2(C)CC[C@H](O)C[C@H]12,5.86,3
CHEMBL1214662,CC(C)(C)OC(=O)Nc1ccc(-c2ccc(Cc3ccncc3)cc2)cc1,5.86,3
CHEMBL2333327,O=c1c2ccccc2oc2c(I)ccc(Cn3ccnc3)c12,5.87,3
CHEMBL501446,CCC(CC)(c1ccc(-c2ccc(F)cc2)cc1)n1ccnc1,5.89,3
CHEMBL2333331,CC(C)Oc1ccc(Cn2ccnc2)c2c(=O)c3ccccc3oc12,5.9,3
CHEMBL78222,C[C@]12CCC3C(CC=C4C[C@@H](O)CC[C@@]43C)C1CC=C2n1nnc2ccccc21,5.9,3
CHEMBL2112781,C[C@]12CC[C@H]3[C@@H](CC=C4C[C@@H](O)CC[C@@]43C)[C@@H]1CC[C@@H]2[C@H]1CO1,5.9,3
CHEMBL496456,Fc1ccc(-c2ccc3c(c2)CCCC3c2ccncc2)cc1F,5.91,3
CHEMBL336025,C/C(C#N)=C1/CCC2C3CCC4=CC(=O)CC[C@]4(C)C3CC[C@]12C,5.91,3
CHEMBL324066,C[C@]12CCC3C(CCC4=CC(=O)CC[C@@]43C)C1CC[C@]2(O)c1c[nH]cn1,5.92,3
CHEMBL4126731,N=C(N)N1CCN(c2ccc(/C=C/c3cc(F)cc(Cn4ccnc4)c3)cc2)CC1,5.92,3
CHEMBL3677944,O=C1N(c2ccc3c(C(F)(F)F)csc3c2)CCN1c1cnccc1C1CC1,5.92,3
CHEMBL4291582,Oc1cc(/C=C/c2ccc(Br)cc2)cc(-n2ccnc2)c1,5.92,3
CHEMBL135772,C/C(CC1CCC2C3CC=C4CC(O)CCC4(C)C3CCC12C)=N\O,5.93,3
CHEMBL113205,C[C@]12CCC3C(CC=C4CC(O)CC[C@@]43C)C1CCC2c1ccon1,5.95,3
CHEMBL136967,C[C@@H](C#N)C1CCC2C3CCC4=CC(=O)CC[C@]4(C)C3CC[C@@]21C,5.96,3
CHEMBL206283,CC1=C(c2cccnc2)CCc2ccccc21,5.96,3
CHEMBL4288652,CC(=O)N1CCN(c2ccc(CO[C@H]3CO[C@@](Cn4ccnc4)(c4ccc(Cl)cc4Cl)OC3)cc2)CC1,5.96,3
CHEMBL445171,CC(c1ccc(-c2ccc(F)cc2)cc1)n1ccnc1,5.96,3
CHEMBL526104,c1ccc(-c2ccc(C(C3CCCCC3)n3ccnc3)cc2)cc1,5.98,3
CHEMBL2420688,Oc1ccc2ccc(-c3cncc4ccccc34)c(Cl)c2c1,5.99,3
CHEMBL2112299,C[C@]12CC[C@H]3[C@@H](CC=C4C[C@@H](O)CC[C@@]43C)[C@@H]1CC=C2c1ccncc1,6,2
CHEMBL78215,C[C@]12CCC3C(CCC4=CC(=O)CC[C@@]43C)C1CC=C2c1ccno1,6,2
CHEMBL2112755,CC(=O)[C@@]1(Br)CC[C@H]2[C@@H]3CC=C4C[C@@H](O)CC[C@]4(C)[C@H]3CC[C@@]21C,6.01,2
CHEMBL2112782,C[C@]12CC[C@H]3[C@@H](CC=C4C[C@@H](O)CC[C@@]43C)C1=CC[C@@H]2[C@@H]1CN1,6.01,2
CHEMBL273191,CC(c1ccc(-c2ccsc2)cc1)n1ccnc1,6.02,2
CHEMBL3689756,COc1cc2cnc(C(O)(c3cnn[nH]3)C(C)C)cc2cc1OC,6.02,2
CHEMBL3264607,CC(C)C(O)(c1ccc2cc(-c3cnco3)ccc2c1)c1cnn[nH]1,6.03,2
CHEMBL77789,C[C@]12CCC3C(CCC4=CC(=O)CC[C@@]43C)C1CC=C2n1cnc2ccccc21,6.04,2
CHEMBL2442756,c1ccc(-c2cc(Cn3ccnc3)c3ccc4[nH]ccc4c3n2)cc1,6.04,2
CHEMBL497499,CC(c1ccc(-c2ccccc2)cc1)n1ccnc1,6.04,2
CHEMBL1215730,CC(=O)Nc1cccc(-c2ccc(Cc3ccncc3)cc2)c1,6.06,2
CHEMBL1083652,O=c1c2ccccc2oc2cccc(Cn3ccnc3)c12,6.06,2
CHEMBL1173795,CC(C)=C(c1ccncc1)c1ccc(-c2ccc(NC(=O)OC(C)(C)C)c(F)c2)cc1,6.07,2
CHEMBL112509,C[C@H](OC(=O)C12CC3CC(CC(C3)C1)C2)c1cccnc1,6.08,2
CHEMBL310822,C[C@]12CCC3C(CC=C4C[C@@H](O)CC[C@@]43C)C1CC=C2n1cncn1,6.1,2
CHEMBL137507,CN(C=O)C1CCC2C3CCC4=CC(=O)CC[C@]4(C)C3CC[C@@]21C,6.1,2
CHEMBL277535,c1ccc(-c2ccc(C(c3ccccc3)n3ccnc3)cc2)cc1,6.1,2
CHEMBL2147047,Nc1ncncc1-c1cccc2c1ncn2-c1ccc(F)cc1F,6.1,2
CHEMBL526293,c1ccc(CC(c2ccc(-c3ccccc3)cc2)n2ccnc2)cc1,6.11,2
CHEMBL1172559,CC(C)C(c1ccncc1)c1ccc(-c2cccc(O)c2)cc1,6.11,2
CHEMBL1214737,c1cc(Cc2ccc(-c3ccc4[nH]ccc4c3)cc2)ccn1,6.12,2
CHEMBL2105738,C[C@]12CC[C@H]3[C@@H](CC=C4C[C@@H](O)CC[C@@]43C)[C@@H]1CC=C2n1cnc2ccccc21,6.12,2
CHEMBL500139,Fc1ccc(-c2ccc(C(CCCl)n3ccnc3)cc2)cc1,6.12,2
CHEMBL2147038,Cc1ccncc1-c1cccc2c1ncn2-c1ncc(F)cc1F,6.12,2
CHEMBL137616,C[C@]12CCC3C(CC=C4C[C@@H](O)CC[C@@]43C)C1CCC2[C@]1(C)CO1,6.14,2
CHEMBL193863,COc1ccc2ccc(-c3cccnc3)cc2c1,6.14,2
CHEMBL196796,N#Cc1ccc2cc(-c3cccnc3)ccc2c1,6.16,2
CHEMBL2112757,CC(=O)[C@@]12O[C@@H]1C[C@H]1[C@@H]3CC=C4C[C@@H](O)CC[C@]4(C)[C@H]3CC[C@@]12C,6.17,2
CHEMBL522414,Fc1ccc(-c2ccc3c(c2)CCC3n2ccnc2)cc1,6.17,2
CHEMBL444068,C[C@@H]1CCC2C(C)(C)C3CC21CC[C@@]3(C)OC(=O)C(C)(C)c1cccnc1,6.17,2
CHEMBL2147045,Nc1ncncc1-c1cccc2c1ncn2CC(F)(F)F,6.17,2
CHEMBL2147039,Cc1ccncc1-c1cccc2c1ncn2-c1ccncn1,6.18,2
CHEMBL362968,COc1ccc2cc(-c3cccnc3)ccc2c1,6.18,2
CHEMBL419831,CC(=O)O[C@H]1CCC2C3C=CC4=CC(=O)C=C[C@]4(C)C3CC[C@@]21C,6.18,2
CHEMBL3981830,Cc1ccncc1-c1ccnn2c(-c3cc(Cl)cc(Cl)c3)cnc12,6.18,2
CHEMBL1214736,c1csc(-c2ccc(Cc3ccncc3)cc2)c1,6.19,2
CHEMBL3962764,Fc1ccc(-n2ncc3c(-n4ccnc4)ccnc32)cc1,6.19,2
CHEMBL305941,C[C@]12CCC3C(CC=C4C[C@@H](O)CC[C@@]43C)C1C/C(=N\O)C2,6.2,2
CHEMBL2420685,COc1ccc2ccc(-c3cncnc3)c(Cl)c2c1,6.2,2
CHEMBL2333329,COc1ccc(Cn2ccnc2)c2c(=O)c3ccccc3oc12,6.21,2
CHEMBL3696114,Cc1ccncc1-c1cccc2c(OCc3ccc4ccccc4c3)noc12,6.21,2
CHEMBL80216,CC(CCC(=O)OC1CC2CC=CC1C2)[C@H]1CCC2C3CC=C4C[C@@H](O)CC[C@]4(C)C3CCC21,6.21,2
CHEMBL4287119,CC(=O)N1CCN(c2ccc(/C=C/c3cc(Cl)cc(-c4cccnc4)c3)cc2)CC1,6.21,2
CHEMBL4285301,CC(=O)N1CCN(c2ccc(/C=C/c3cc(F)cc(-c4cccnc4)c3)cc2)CC1,6.21,2
CHEMBL1214660,Fc1ccc(-c2ccc(Cc3ccncc3)cc2)cc1F,6.22,2
CHEMBL498652,OC1(c2ccncc2)CCCc2cc(-c3ccc(F)cc3)ccc21,6.23,2
CHEMBL402971,CCC(c1ccc(-c2cscc2C)cc1)n1ccnc1,6.23,2
CHEMBL449343,CCCC(c1ccc(-c2ccccc2)cc1)n1ccnc1,6.24,2
CHEMBL1214735,c1cc(Cc2ccc(-c3ccsc3)cc2)ccn1,6.24,2
CHEMBL3264609,CC(C)C(O)(c1ccc2cc(OCC(F)(F)F)ccc2c1)c1c[nH]nn1,6.24,2
CHEMBL76877,C=C1C[C@@]2(C)C(=CC1=O)CCC1C3CC[C@](C)(OC(C)=O)[C@@]3(C)CCC12,6.25,2
CHEMBL2442757,COc1ccc(-c2cc(Cn3ccnc3)c3ccc4[nH]ccc4c3n2)cc1,6.26,2
CHEMBL3677949,O=C1N(c2cc3ccsc3cc2F)CCN1c1cnccc1C1CC1,6.26,2
CHEMBL2111947,C[C@]12CC[C@H]3[C@@H](CC=C4C[C@@H](O)CC[C@@]43C)[C@@H]1CC[C@@H]2[C@H]1CN1,6.27,2
CHEMBL2112737,C/C(=N/O)C1=CCC2[C@@H]3CC=C4C[C@@H](O)CC[C@]4(C)[C@H]3CC[C@]12C,6.28,2
CHEMBL341984,C/C(=N/O)C1CCC2C3CC=C4C[C@@H](O)CC[C@]4(C)C3CC[C@]12C,6.28,2
CHEMBL2420680,Oc1ccc2ccc(-c3cncc(F)c3)c(Cl)c2c1,6.28,2
CHEMBL135993,CC12CCC(=O)C=C1CCC1C2CCC2(C)C(C/C=N/O)CCC12,6.28,2
CHEMBL3916537,Fc1ccc(-c2cnc3c(-c4cccnc4)ccnn23)cc1,6.28,2
CHEMBL2420676,Oc1ccc2ccc(-c3cccnc3)c(F)c2c1,6.28,2
CHEMBL3696106,Clc1ccccc1-c1noc2c(-c3cncnc3-n3nccn3)cccc12,6.28,2
CHEMBL3696107,COCCOc1noc2c(-c3cnccc3C)cccc12,6.28,2
CHEMBL137063,CC(O)C1CCC2C3CC=C4C[C@@H](O)CC[C@]4(C)C3CC[C@]12C,6.29,2
CHEMBL77062,C[C@]12CCC3C(CC=C4C[C@@H](O)CC[C@@]43C)C1CC=C2c1cncnc1,6.3,2
CHEMBL137622,CC(=O)C1=CCC2C3CC=C4C[C@@H](O)CC[C@]4(C)C3CC[C@]12C,6.31,2
CHEMBL2333336,O=c1c2ccccc2oc2c(O)ccc(Cn3ccnc3)c12,6.31,2
CHEMBL1173727,CC(C)=C(c1ccncc1)c1ccc(-c2ccc(NC(=O)OC(C)(C)C)cc2)cc1,6.31,2
CHEMBL2112759,CC(=O)[C@@]12O[C@@H]1C[C@H]1[C@@H]3CCC4=CC(=O)CC[C@]4(C)[C@H]3CC[C@@]12C,6.32,2
CHEMBL2442758,CCn1ccc2c3nc(-c4ccccc4)cc(Cn4ccnc4)c3ccc21,6.32,2
CHEMBL4591875,C[C@]12CC[C@H]3[C@@H](CC=C4C[C@@H](n5ccnc5)CC[C@@]43C)[C@@H]1CC=C2n1cnc2ccccc21,6.32,2
CHEMBL498522,CC(C)(C)C(c1ccc(-c2ccccc2)cc1)n1ccnc1,6.34,2
CHEMBL2420679,COc1ccc2ccc(-c3cncc(F)c3)c(Cl)c2c1,6.34,2
CHEMBL3677948,O=C1N(c2cc3sccc3cc2F)CCN1c1cnccc1C1CC1,6.34,2
CHEMBL3682505,CC(C)C(c1ccc2cc(OCC(F)(F)F)ccc2c1)n1ncnn1,6.34,2
CHEMBL77288,C[C@]12CC[C@H](O)CC1=CCC1C2CC[C@]2(C)C(C/C=N/O)CCC12,6.35,2
CHEMBL497500,CCC(c1ccc(-c2ccccc2)cc1)n1ccnc1,6.35,2
CHEMBL1214739,Oc1ccc2cc(-c3ccc(Cc4ccncc4)cc3)ccc2c1,6.36,2
CHEMBL2112519,C[C@]12CC[C@H]3[C@@H](CC=C4C[C@@H](O)CC[C@@]43C)[C@@H]1CC1O[C@]12c1c[nH]cn1,6.37,2
CHEMBL4294403,C[C@]12CC[C@H]3[C@@H](C[C@@H]4O[C@@]45C[C@@H](O)CC[C@]35C)[C@@H]1CC=C2c1cccnc1,6.37,2
CHEMBL114019,C[C@@H](NC(=O)C12CC3CC(CC(C3)C1)C2)c1ccncc1,6.37,2
CHEMBL496262,OC1(c2ccncc2)CCCc2cc(-c3ccc(F)c(F)c3)ccc21,6.37,2
CHEMBL1921980,CNC(=O)c1ccc2cc(C(C)(O)c3cncn3C)ccc2c1,6.39,2
CHEMBL2147040,Cc1ccncc1-c1cccc2c1ncn2-c1ccncc1,6.39,2
CHEMBL1215665,Nc1ccc(-c2ccc(Cc3ccncc3)cc2)cc1,6.39,2
CHEMBL541717,C[C@]12CCC3C(CC=C4CC(O)CC[C@@]43C)C1CC[C@@H]2c1c[nH]c(-c2ccccc2)n1,6.4,2
CHEMBL113407,C[C@]12CCC3C(CCC4=CC(=O)CC[C@@]43C)C1CC[C@@H]2C1N=CC=N1,6.4,2
CHEMBL341591,CC12CCC(O)CC1=CCC1C2CCC2(C)C(CC3CN3)CCC12,6.4,2
CHEMBL2112533,Cc1nc([C@H]2CC[C@H]3[C@@H]4CC=C5C[C@@H](O)CC[C@]5(C)[C@H]4CC[C@]23C)c[nH]1,6.4,2
CHEMBL3682508,CC(C)C(O)c1ccc2cc(OCC(F)(F)F)ccc2c1,6.4,2
CHEMBL419934,C[C@]12CCC3C(CC=C4CC(O)CC[C@@]43C)C1CCC2c1ncc[nH]1,6.4,2
CHEMBL419743,Cc1nc(C2CCC3C4CC=C5CC(O)CC[C@]5(C)C4CC[C@]23C)co1,6.4,2
CHEMBL2147043,Cc1ccncc1-c1cccc2c1ncn2C1CC1,6.4,2
CHEMBL1921984,CC(C)NC(=O)c1ccc2cc(C3(O)CCn4cncc43)ccc2c1,6.4,2
CHEMBL3677967,Cc1nccc(N2CCN(c3cnccc3C3CC3)C2=O)n1,6.4,2
CHEMBL78003,C[C@]12CCC3C(CCC4=CC(=O)CC[C@@]43C)C1CC=C2n1ccnn1,6.41,2
CHEMBL431843,CC(C)(OC(=O)C12CC3CC(CC(C3)C1)C2)c1cccnc1,6.41,2
CHEMBL1215732,Fc1cccc(-c2ccc(Cc3ccncc3)cc2)c1,6.41,2
CHEMBL502542,c1ccc2c(c1)Cc1cc(Cn3ccnc3)ccc1-2,6.41,2
CHEMBL78108,C[C@]12CCC3C(CC=C4C[C@@H](O)CC[C@@]43C)C1CC=C2n1ccnn1,6.42,2
CHEMBL557232,CCC(c1ccc(-c2cc(C)c(O)c(C)c2)cc1)n1ccnc1,6.42,2
CHEMBL403475,CCC(c1ccc(-c2ccsc2)cc1)n1ccnc1,6.43,2
CHEMBL2420678,Oc1ccc2ccc(-c3cccnc3)c(Cl)c2c1F,6.43,2
CHEMBL2147044,FC(F)(F)Cn1cnc2c(-c3cnccc3Cl)cccc21,6.44,2
CHEMBL3696100,Cc1ncncc1-c1cccc2c(-c3ccccc3)noc12,6.45,2
CHEMBL527112,CCC(c1ccc(-c2ccc(F)cc2)cc1)n1ccnc1,6.46,2
CHEMBL1173261,CCC(c1ccncc1)c1ccc(-c2ccc(O)c(F)c2)cc1,6.46,2
CHEMBL1766188,CC(=O)Nc1cccc(-c2ccc([C@@](O)(c3c[nH]cn3)C(C)C)cc2)c1,6.47,2
CHEMBL1173327,Nc1ccc(-c2ccc(Cc3ccncc3)cc2)cc1N,6.47,2
CHEMBL3677958,O=C1N(c2ccnc(Cl)c2)CCN1c1cnccc1C1(O)CCCC1,6.47,2
CHEMBL498472,OC1(c2ccncc2)CCc2cc(-c3ccc(F)cc3)ccc21,6.48,2
CHEMBL2147042,Cc1ccncc1-c1cccc2c1ncn2CC#N,6.48,2
CHEMBL3084924,CC1(OC(=O)Cc2cccnc2)C2CC3CC(C2)CC1C3,6.5,2
CHEMBL446083,CN1C(=O)CCc2cc(-c3cccnc3)ccc21,6.5,2
CHEMBL2112282,C[C@]12CC[C@H]3[C@@H](CC=C4C[C@H](O)CC[C@@]43C)[C@@H]1CC/C2=C/C=N/O,6.5,2
CHEMBL526081,Oc1ccc(-c2ccc3c(c2)CCC=C3c2ccncc2)cc1O,6.51,2
CHEMBL496468,CC(C)C(c1ccc(-c2ccccc2)cc1)n1ccnc1,6.51,2
CHEMBL3264606,CC(C)C(O)(c1ccc2cc(OCC(F)(F)F)c(OCC(F)(F)F)cc2c1)c1c[nH]nn1,6.51,2
CHEMBL498523,CCCCC(c1ccc(-c2ccccc2)cc1)n1ccnc1,6.52,2
CHEMBL75474,C[C@]12CCC3C(CC=C4C[C@@H](O)CC[C@@]43C)C1CC=C2n1cnc2ccccc21,6.52,2
CHEMBL4281147,CC(C)=C(c1cccnc1)c1cc(Cl)cc(/C=C/c2ccc(-c3ccncc3)cc2)c1,6.52,2
CHEMBL2420687,COc1ccc2ccc(-c3cncc4ccccc34)c(Cl)c2c1,6.53,2
CHEMBL1921983,O=C(NC1CC1)c1ccc2cc(C3(O)CCn4cncc43)ccc2c1,6.54,2
CHEMBL2111951,C[C@]12CC[C@H]3[C@@H](CC=C4C[C@@H](O)CC[C@@]43C)C1=CC[C@@H]2[C@H]1CN1,6.54,2
CHEMBL3264599,COc1cc2ccc(C(O)(c3cncs3)C(C)C)cc2cc1OC,6.54,2
CHEMBL2112758,CN(C=O)[C@H]1CC[C@H]2[C@@H]3CC=C4C[C@@H](O)CC[C@]4(C)[C@H]3CC[C@@]21C,6.55,2
CHEMBL499882,CC(c1ccc2c(c1)[nH]c1ccccc12)n1ccnc1,6.55,2
CHEMBL3902101,Cc1cc(C)cc(-c2cnc3c(-c4cnccc4C)ccnn23)c1,6.55,2
CHEMBL440165,CC12CCC(O)CC1=CCC1C2CCC2(C)C(C/C=N/O)CCC12,6.57,2
CHEMBL2112301,C[C@]12CC[C@H]3[C@@H](CC=C4C[C@@H](O)CC[C@@]43C)[C@@H]1CC=C2c1ccccn1,6.57,2
CHEMBL1682905,CC(C)[C@@](O)(c1ccc2c3c(ccc2c1)C(=O)N(C)C3)c1c[nH]cn1,6.57,2
CHEMBL3682506,COc1cc2ccc(C(C(C)C)n3ncnn3)cc2cc1OC,6.57,2
CHEMBL3931379,Cn1cncc1-c1ccnc2c1cnn2-c1cccc(S(N)(=O)=O)c1,6.57,2
CHEMBL403852,CCC(c1ccc(-c2ccsc2Cl)cc1)n1ccnc1,6.58,2
CHEMBL131984,C[C@@H]1C(OC(=O)Cc2cccnc2)CC2CC1C2(C)C,6.58,2
CHEMBL2333326,O=c1c2ccccc2oc2c(Cl)ccc(Cn3ccnc3)c12,6.58,2
CHEMBL2112888,C[C@]12CC[C@H](O)C[C@@H]1CC[C@@H]1[C@@H]2CC[C@@]2(C)[C@H]1C[C@H]1O[C@]12c1cccnc1,6.58,2
CHEMBL557233,CCC(c1ccc(-c2ccc(O)c(C)c2)cc1)n1ccnc1,6.58,2
CHEMBL4286761,Clc1ccccc1[C@]1(Cn2ccnc2)OC[C@@H](OCc2ccc(N3CCOCC3)cc2)CO1,6.58,2
CHEMBL3917734,Cc1ccncc1-c1cccc2c1ncn2-c1cccnn1,6.6,2
CHEMBL3696115,Cc1ccncc1-c1cccc2c(OCc3ccc(Cl)cc3)noc12,6.6,2
CHEMBL4279184,C[C@]12CC[C@H]3[C@@H](C=C(C#N)[C@H]4C[C@@H](O)CC[C@@]43C)[C@@H]1CC=C2c1cccnc1,6.61,2
CHEMBL1215664,Oc1ccc(-c2ccc(C(O)c3ccncc3)cc2)cc1,6.61,2
CHEMBL137463,C[C@@H](O)C1CCC2C3CCC4=CC(=O)CC[C@]4(C)C3CC[C@@]21C,6.62,2
CHEMBL1766192,CC[C@@](O)(c1ccc(-c2cccc(NC(C)=O)c2)cc1)c1c[nH]cn1,6.62,2
CHEMBL4282697,CC(=O)N1CCN(c2ccc(/C=C/c3cc(Cl)cc(C(O)(c4cccnc4)C(C)C)c3)cc2)CC1,6.62,2
CHEMBL381014,COc1ccc2c(Cl)c(-c3cccnc3)ccc2c1Cl,6.63,2
CHEMBL403808,CCC(c1ccc(-c2cscc2C)cc1F)n1ccnc1,6.63,2
CHEMBL496288,Fc1ccc(-c2ccc3c(c2)CCC3c2ccncc2)cc1,6.63,2
CHEMBL137415,C[C@@H](C=O)C1CCC2C3CCC4=CC(=O)CC[C@]4(C)C3CC[C@@]21C,6.64,2
CHEMBL4210952,C[C@]12CC[C@H]3[C@@H](CC(=O)N[C@H]4C[C@@H](O)CC[C@@]43C)[C@@H]1CC=C2c1cccnc1,6.64,2
CHEMBL500680,CCC(c1ccc(-c2ccc(O)cc2)cc1)n1ccnc1,6.64,2
CHEMBL305896,C[C@]12CCC3C(CC=C4C[C@@H](O)CC[C@@]43C)C1CC[C@H]2c1ccncn1,6.65,2
CHEMBL1171987,Nc1cccc(-c2ccc(Cc3ccncc3)cc2)c1,6.65,2
CHEMBL442373,N#Cc1ccc(Cn2ccnc2)c2c(=O)c3ccccc3oc12,6.66,2
CHEMBL3264605,CC(C)C(O)(c1ccc2cc(OC(F)F)c(OC(F)F)cc2c1)c1cnn[nH]1,6.66,2
CHEMBL3415126,C[C@]12CC[C@H]3[C@@H](CC=C4C[C@@H](O)CC[C@@]43C)[C@@H]1CC[C@@H]2n1cncn1,6.66,2
CHEMBL541941,CCC(c1ccc(-c2ccc(O)c(Cl)c2)cc1)n1ccnc1,6.66,2
CHEMBL4280985,CC(=O)N1CCN(c2ccc(/C=C/c3cc(O)cc(-n4ccnc4)c3)cc2)CC1,6.66,2
CHEMBL110257,C[C@H](NC(=O)C12CC3CC(CC(C3)C1)C2)c1ccncc1,6.68,2
CHEMBL4283084,CC(=O)N1CCN(c2ccc(/C=C/c3cc(Cl)cc(C(=C(C)C)c4cccnc4)c3)cc2)CC1,6.68,2
CHEMBL3682507,CC(C)C(c1ccc2cc(OC(F)F)ccc2c1)n1ncnn1,6.68,2
CHEMBL2392007,C[C@]12CC[C@H]3[C@@H](C=CC4C[C@@H](O)CC[C@@]43C)[C@@H]1CC=C2c1cccnc1,6.69,2
CHEMBL3971564,NS(=O)(=O)c1cccc(-n2ncc3c(-c4cncc5ncccc45)ccnc32)c1,6.69,2
CHEMBL2112747,C/C(=N/O)[C@H]1CC=C2[C@@H]3CC=C4C[C@@H](O)CC[C@]4(C)[C@H]3CC[C@@]21C,6.7,2
CHEMBL135288,C/C(=N/O)C1=CC=C2C3CCC4=CC(=O)CCC4(C)C3CCC12C,6.7,2
CHEMBL2112528,CC(=O)O[C@H]1CC[C@@]2(C)C(=CC[C@H]3[C@@H]4CC[C@H](c5c[nH]cn5)[C@@]4(C)CC[C@@H]32)C1,6.7,2
CHEMBL4289220,C[C@]12CC[C@H]3[C@@H](Cc4nnnn4[C@H]4C[C@@H](O)CC[C@]34C)[C@@H]1CC=C2c1cccnc1,6.7,2
CHEMBL1682897,CNC(=O)c1ccc2cc(C(O)(c3c[nH]cn3)C(C)C)ccc2c1Cl,6.7,2
CHEMBL565098,CCC(c1ccc(-c2cc(O)cc(O)c2)cc1)n1ccnc1,6.71,2
CHEMBL137623,C[C@@H](O)C1CCC2C3CC=C4C[C@@H](O)CC[C@]4(C)C3CC[C@@]21C,6.72,2
CHEMBL3696102,Fc1ccc(-c2noc3c(-c4cncn5cccc45)cccc23)cc1,6.72,2
CHEMBL4288457,Fc1cc(CCc2ccc(-c3ccncc3)cc2)cc(-c2ccncc2)c1,6.72,2
CHEMBL1921982,CCNC(=O)c1ccc2cc(C3(O)CCn4cncc43)ccc2c1,6.72,2
CHEMBL1172883,CCC(c1ccncc1)c1ccc(-c2cccc(O)c2)cc1,6.72,2
CHEMBL496286,Oc1ccc(-c2ccc3c(c2)CCC=C3c2ccncc2)cc1F,6.73,2
CHEMBL2420682,COc1cncc(-c2ccc3ccc(O)cc3c2Cl)c1,6.73,2
CHEMBL540997,CCC(c1ccc(-c2cccc(OC)c2)cc1)n1ccnc1,6.73,2
CHEMBL1173260,Oc1ccc(-c2ccc(Cc3ccncc3)cc2)cc1F,6.73,2
CHEMBL3677954,O=C1N(c2cnccc2C2CC2)[C@H]2C[C@H]2N1c1ccnc(C(F)(F)F)c1,6.74,2
CHEMBL4293668,C[C@]12CC[C@H]3[C@@H](CC([N+](=O)[O-])=C4C[C@@H](O)CC[C@@]43C)[C@@H]1CC=C2c1cccnc1,6.74,2
CHEMBL2112735,C[C@]12CC[C@H]3[C@@H](CCC4=C[C@@H](O)CC[C@@]43C)C1CC/C2=C/C=N\O,6.75,2
CHEMBL77751,C[C@]12CCC3C(CC=C4C[C@@H](O)CC[C@@]43C)C1CC/C2=N\NC(N)=O,6.75,2
CHEMBL4126412,CS(=O)(=O)N1CCN(c2ccc(/C=C/c3cc(Cl)cc(Cn4ccnc4)c3)cc2)CC1,6.75,2
CHEMBL3264597,COc1cc2ccc(C(O)(c3cnn[nH]3)C(C)C)cc2cc1OC,6.75,2
CHEMBL4209941,C[C@]12CC[C@H]3[C@@H](CC(C#N)=C4C[C@@H](O)CC[C@@]43C)[C@@H]1CC=C2c1cccnc1,6.76,2
CHEMBL3666707,CS(=O)(=O)Nc1ccc(-c2cnccc2Cl)c(OCCF)c1,6.76,2
CHEMBL3662067,COc1cc(NS(=O)(=O)C2CC2)ccc1-c1cncnc1C,6.77,2
CHEMBL3677952,COc1cc(N2C(=O)N(c3cnccc3C3CC3)[C@H]3C[C@H]32)ccn1,6.77,2
CHEMBL501460,CC(c1ccc2c(c1)Cc1cc(F)ccc1-2)n1ccnc1,6.78,2
CHEMBL496289,Fc1ccc(-c2ccc3c(c2)CCCC3c2ccncc2)cc1,6.79,2
CHEMBL556833,CCC(c1ccc(-c2cccc(O)c2)cc1)n1ccnc1,6.79,2
CHEMBL3677950,O=C1N(c2cnccc2C2CC2)[C@H]2C[C@H]2N1c1ccnc(Cl)c1,6.79,2
CHEMBL310690,C[C@]12CCC3C(CC=C4C[C@@H](O)CC[C@@]43C)C1CC[C@@H]2c1ccncc1,6.8,2
CHEMBL1682898,CNC(=O)c1ccc2cc(C(O)(c3c[nH]cn3)C(C)C)ccc2c1C,6.8,2
CHEMBL1766179,CNS(=O)(=O)c1cccc(-c2ccc(C(O)(c3c[nH]cn3)C(C)C)cc2)c1,6.8,2
CHEMBL3666687,COc1cc(NS(=O)(=O)CC(F)(F)F)ccc1-c1cncnc1C,6.8,2
CHEMBL310336,C[C@]12CCC3C(CCC4=CC(=O)CC[C@@]43C)C1CC=C2n1ccnc1,6.82,2
CHEMBL115944,C[C@]12CCC3C(CC=C4CC(O)CC[C@@]43C)C1CCC2c1cc[nH]n1,6.82,2
CHEMBL325461,C[C@@H](OC(=O)C12CC3CC(CC(C3)C1)C2)c1cccnc1,6.82,2
CHEMBL325895,Cn1ccc(C2=CCC3C4CC=C5CC(O)CC[C@]5(C)C4CC[C@]23C)n1,6.82,2
CHEMBL114864,C[C@]12CCC3C(CC=C4CC(O)CC[C@@]43C)C1CC=C2c1ccnn1-c1ccccc1,6.82,2
CHEMBL551253,CCC(c1ccc(-c2ccc(O)c(O)c2)cc1)n1ccnc1,6.82,2
CHEMBL113804,C[C@]12CCC3C(CC=C4CC(O)CC[C@@]43C)C1CCC2c1ccno1,6.82,2
CHEMBL1766181,CC(C)C(O)(c1ccc(-c2ccccn2)cc1)c1c[nH]cn1,6.82,2
CHEMBL333604,Cn1nccc1C1=CCC2C3CC=C4CC(O)CC[C@]4(C)C3CC[C@]12C,6.82,2
CHEMBL4280255,C[C@]12CC[C@H]3[C@@H](C/C(=N\O)[C@H]4C[C@@H](O)CC[C@@]43C)[C@@H]1CC=C2c1cccnc1,6.82,2
CHEMBL2420677,COc1ccc2ccc(-c3cccnc3)c(Cl)c2c1F,6.83,2
CHEMBL522228,Oc1ccc(-c2ccc3c(c2)CCCC3c2ccncc2)cc1O,6.84,2
CHEMBL4283034,CC(=O)N1CCN(c2ccc(CO[C@H]3CO[C@](Cn4ccnc4)(c4ccccc4Cl)OC3)cc2)CC1,6.84,2
CHEMBL2147046,CCOc1ncncc1-c1cccc2c1ncn2CC(F)(F)F,6.87,2
CHEMBL4288970,CC(=O)N1CCN(c2ccc(/C=C/c3cc(Cl)cc(COc4cccnc4)c3)cc2)CC1,6.87,2
CHEMBL3662068,CCCS(=O)(=O)Nc1ccc(-c2cncnc2C)c(OC)c1,6.87,2
CHEMBL3662071,COc1cc(NS(=O)(=O)c2cccnc2)ccc1-c1cncnc1C,6.88,2
CHEMBL307160,O=c1c2ccccc2oc2c([N+](=O)[O-])ccc(Cn3ccnc3)c12,6.89,2
CHEMBL1765101,COc1ccc(-c2cccc(C(O)(c3c[nH]cn3)C(C)C)c2)cc1,6.89,2
CHEMBL135037,O=C(Cc1cccnc1)OC12CC3CC(CC(C3)C1)C2,6.89,2
CHEMBL3892696,Fc1ccc(-n2ncc3c(-c4cncc5ccccc45)ccnc32)cc1,6.89,2
CHEMBL3958248,Cc1ccncc1-c1ccnn2c(-c3cccc(C(F)(F)F)c3)cnc12,6.89,2
CHEMBL2392006,C[C@]12CC[C@H]3[C@@H](CC=C4C[C@@H](O)CC[C@@]43C)[C@@H]1CC=C2n1ccnc1,6.9,2
CHEMBL4210141,C[C@]12CC[C@H]3[C@@H](CC(C(N)=O)=C4C[C@@H](O)CC[C@@]43C)[C@@H]1CC=C2c1cccnc1,6.92,2
CHEMBL3666689,COc1cc(NS(=O)(=O)CCc2ccccc2)ccc1-c1cncnc1C,6.92,2
CHEMBL3677932,O=C1N(c2cc(Cl)ncn2)CCN1c1cnccc1C1CC1,6.92,2
CHEMBL3666713,COc1cc(NS(C)(=O)=O)ccc1-c1cncn2cccc12,6.92,2
CHEMBL1766177,CC(=O)Nc1ccc(-c2ccc(C(O)(c3c[nH]cn3)C(C)C)cc2)cc1,6.92,2
CHEMBL3972117,Cc1cccc(-c2cnc3c(-c4cnccc4C)ccnn23)c1,6.92,2
CHEMBL3666691,COc1cc(NS(=O)(=O)c2ccc(Cl)cc2)ccc1-c1cncnc1C,6.93,2
CHEMBL3666694,COc1cc(NS(=O)(=O)c2cccc3cccnc23)ccc1-c1cncnc1C,6.93,2
CHEMBL454217,CC(c1ccc2c(c1)[nH]c1cc(F)ccc12)n1ccnc1,6.93,2
CHEMBL4129355,Fc1cc(/C=C/c2ccc(N3CCN(C4=NCCO4)CC3)cc2)cc(Cn2ccnc2)c1,6.93,2
CHEMBL3662063,COc1cc(NS(=O)(=O)c2cn(C)c(C)n2)ccc1-c1cncc2ccccc12,6.93,2
CHEMBL3662066,COc1cc(NS(C)(=O)=O)ccc1-c1cncnc1C,6.95,2
CHEMBL390569,COc1ccc2c(c1)CCC(Cc1cnc[nH]1)=C2C,6.96,2
CHEMBL2112521,C[C@]12CC[C@H]3[C@@H](CC=C4C[C@@H](O)CC[C@@]43C)[C@@H]1CC=C2c1ccno1,6.97,2
CHEMBL2420675,COc1ccc2ccc(-c3cccnc3)c(F)c2c1,6.97,2
CHEMBL3677941,O=C1N(c2ccc3sc(Cl)cc3c2)CCN1c1cnccc1C1CC1,6.97,2
CHEMBL4284620,O=S(=O)(CCCCl)N1CCN(c2ccc(CO[C@H]3CO[C@](Cn4ccnc4)(c4ccc(Cl)cc4Cl)OC3)cc2)CC1,6.97,2
CHEMBL4293278,O=[N+]([O-])c1cc(S(=O)(=O)N2CCN(c3ccc(/C=C/c4cc(Cl)cc(Cn5ccnc5)c4)cc3)CC2)ccc1Cl,6.97,2
CHEMBL3662054,Cc1cc(NS(C)(=O)=O)ccc1-c1cnccc1-c1ccccc1,6.98,2
CHEMBL3666700,COc1cc(NS(C)(=O)=O)ccc1-c1cncnc1C(C)C,6.99,2
CHEMBL505550,CC(c1ccc2c(c1)Cc1cc(O)ccc1-2)n1ccnc1,7,2
CHEMBL2112524,CC(=O)O[C@H]1CC[C@@]2(C)C(=CC[C@H]3[C@@H]4CC[C@H](C5=CNC(C(C)=O)N5)[C@@]4(C)CC[C@@H]32)C1,7,2
CHEMBL3677933,O=C1N(c2ccnc(C(F)(F)F)n2)CCN1c1cnccc1C1CC1,7,2
CHEMBL4129210,Clc1cc(/C=C/c2ccc(N3CCN(C4=NCCO4)CC3)cc2)cc(Cn2ccnc2)c1,7,2
CHEMBL135351,C/C(=N/O)C1=CCC2C3CCC4=CC(=O)CCC4(C)C3CCC12C,7,2
CHEMBL3666701,COc1cc(NS(C)(=O)=O)ccc1-c1cncnc1C1CCCCC1,7,2
CHEMBL3662069,COc1cc(NS(=O)(=O)CC(C)C)ccc1-c1cncnc1C,7,2
CHEMBL4284316,O=S(=O)(c1cccc(OC(F)(F)F)c1)N1CCN(c2ccc(CO[C@H]3CO[C@](Cn4ccnc4)(c4ccc(Cl)cc4Cl)OC3)cc2)CC1,7,2
CHEMBL1172882,Oc1cccc(-c2ccc(Cc3ccncc3)cc2)c1,7.01,1
CHEMBL3908531,Cc1ccncc1-c1ccnn2c(-c3cccc(Cl)c3)cnc12,7.01,1
CHEMBL2420681,COc1cncc(-c2ccc3ccc(OC)cc3c2Cl)c1,7.03,1
CHEMBL1766190,CC(=O)Nc1cccc(-c2ccc([C@@](O)(c3c[nH]cn3)C(C)C)cc2)n1,7.04,1
CHEMBL134169,CC(C)(C(=O)OC12CC3CC(CC(C3)C1)C2)c1cccnc1,7.05,1
CHEMBL556280,CCC(c1ccc(-c2ccc(O)cc2)cc1F)n1ccnc1,7.05,1
CHEMBL3415117,C[C@]12CC[C@H]3[C@@H](CC=C4C[C@@H](O)CC[C@@]43C)[C@@H]1CC=C2n1cncn1,7.05,1
CHEMBL4282398,CC(=O)N1CCN(c2ccc(/C=C/c3cc(O)cc(Cn4ccnc4)c3)cc2)CC1,7.06,1
CHEMBL1921978,CNC(=O)c1ccc2cc(C3(O)c4cncn4CC3(C)C)ccc2c1,7.06,1
CHEMBL4125902,N#CCS(=O)(=O)N1CCN(c2ccc(/C=C/c3cc(F)cc(Cn4ccnc4)c3)cc2)CC1,7.07,1
CHEMBL3622434,c1ccc(-c2nnc3n2-c2ccc(-c4cccnc4)cc2CC3)cc1,7.08,1
CHEMBL3677963,COc1cc(N2CCN(c3cnccc3C3CC3)C2=O)ncn1,7.08,1
CHEMBL132066,CC(C(=O)OC1CC2CC([C@@H]1C)C2(C)C)c1cccnc1,7.09,1
CHEMBL3696116,COc1ccc(COc2noc3c(-c4cnccc4C)cccc23)cc1,7.1,1
CHEMBL1766186,CC(=O)Nc1cccc(-c2ccc(C(O)c3c[nH]cn3)cc2)c1,7.11,1
CHEMBL2112731,C[C@]12CC[C@H]3[C@@H](CC=C4C[C@@H](O)CC[C@@]43C)C1CC/C2=C/C=N\O,7.11,1
CHEMBL2112534,CC(=O)O[C@H]1CC[C@@]2(C)C(=CC[C@H]3[C@@H]4CC=C(c5c[nH]cn5)[C@@]4(C)CC[C@@H]32)C1,7.12,1
CHEMBL4279441,N#Cc1cccc(S(=O)(=O)N2CCN(c3ccc(CO[C@H]4CO[C@](Cn5ccnc5)(c5ccc(Cl)cc5Cl)OC4)cc3)CC2)c1,7.12,1
CHEMBL1682896,CC(C)NC(=O)c1ccc2cc(C(O)(c3c[nH]cn3)C(C)C)ccc2c1,7.12,1
CHEMBL1171991,CC(C)=C(c1ccncc1)c1ccc(-c2ccc(N)c(N)c2)cc1,7.12,1
CHEMBL3925996,Fc1ccc(-n2ncc3c(-c4cncn5cccc45)ccnc32)c(F)c1,7.12,1
CHEMBL3696109,Cc1ccncc1-c1ccnc2c(-c3nccs3)csc12,7.12,1
CHEMBL1173335,CC(C)=C(c1ccncc1)c1ccc(-c2ccc(O)c(F)c2)cc1,7.12,1
CHEMBL3677939,Cc1csc2cc(N3CCN(c4cnccc4C4CC4)C3=O)ccc12,7.12,1
CHEMBL112292,C[C@@H](OC(=O)C12CC3CC(CC(C3)C1)C2)c1ccncc1,7.13,1
CHEMBL3264608,CC(C)C(O)(c1ccc2cc(OC(F)F)ccc2c1)c1c[nH]nn1,7.13,1
CHEMBL3137965,C[C@]12CC[C@H](O)C[C@@H]1CC[C@@H]1[C@@H]2CC[C@]2(C)[C@@H](c3cccnc3)CC[C@@H]12,7.13,1
CHEMBL254328,C[C@]12CC[C@H]3[C@@H](CC=C4C[C@@H](O)CC[C@@]43C)[C@@H]1CC=C2c1cccnc1,7.14,1
CHEMBL3677964,Cc1cc(N2CCN(c3cnccc3C3CC3)C2=O)ncn1,7.16,1
CHEMBL3938615,O=S(=O)(N1CCN(c2ccc(OC[C@@H]3CO[C@@](Cn4ccnc4)(c4ccc(Cl)cc4Cl)O3)cc2)CC1)C(F)(F)F,7.17,1
CHEMBL4288383,O=S(=O)(c1c[nH]cn1)N1CCN(c2ccc(CO[C@H]3CO[C@](Cn4ccnc4)(c4ccc(Cl)cc4Cl)OC3)cc2)CC1,7.17,1
CHEMBL2112518,C[C@]12CC[C@H]3[C@@H](CC=C4C[C@@H](O)CC[C@@]43C)[C@@H]1CC[C@@H]2c1c[nH]cn1,7.18,1
CHEMBL496469,Oc1ccc(-c2ccc3c(c2)CCCC3c2ccncc2)cc1F,7.19,1
CHEMBL2420674,Oc1ccc2ccc(-c3cccnc3)c(Cl)c2c1,7.19,1
CHEMBL3696103,FC(F)(F)COc1ncncc1-c1cccc2c(-c3cnccn3)noc12,7.19,1
CHEMBL1172842,CC(C)=C(c1ccncc1)c1ccc(-c2ccc3cc(O)ccc3c2)cc1,7.21,1
CHEMBL3415127,C[C@]12CC[C@H]3[C@@H](CC=C4C[C@@H](O)CC[C@@]43C)[C@@H]1CC[C@@H]2n1ccnc1,7.21,1
CHEMBL1682900,CC(C)C(O)(c1ccc2c3c(ccc2c1)C(=O)NC3)c1c[nH]cn1,7.22,1
CHEMBL113448,C[C@]12CCC3C(CCC4=CC(=O)CC[C@@]43C)C1CC=C2c1cc[nH]n1,7.23,1
CHEMBL3666693,COc1cc(NS(=O)(=O)c2ccc3ccccc3c2)ccc1-c1cncnc1C,7.23,1
CHEMBL3666704,CS(=O)(=O)Nc1ccc(-c2cncc3ccccc23)c(OCC(F)(F)F)c1,7.23,1
CHEMBL113966,C[C@]12CCC3C(CCC4=CC(=O)CC[C@@]43C)C1CC[C@@H]2c1c[nH]cn1,7.24,1
CHEMBL3666712,COc1cc(NS(C)(=O)=O)ccc1-c1cncnc1OC,7.24,1
CHEMBL3677938,O=C1N(c2ccc3c(c2)OC(F)(F)O3)CCN1c1cnccc1C1CC1,7.24,1
CHEMBL4125996,CS(=O)(=O)N1CCN(c2ccc(/C=C/c3cc(F)cc(Cn4ccnc4)c3)cc2)CC1,7.24,1
CHEMBL1173259,CC(C)=C(c1ccncc1)c1ccc(-c2cccc(O)c2)cc1,7.25,1
CHEMBL1170,CCC(=O)O[C@H]1CC[C@H]2[C@@H]3CCC4=CC(=O)CC[C@]4(C)[C@H]3CC[C@]12C,7.25,1
CHEMBL3899573,Cc1ccncc1-c1ccnn2c(-c3ccc(F)cc3)cnc12,7.25,1
CHEMBL3666690,COc1ccc(S(=O)(=O)Nc2ccc(-c3cncnc3C)c(OC)c2)cc1,7.25,1
CHEMBL3666705,COc1ccncc1-c1ccc(NS(C)(=O)=O)cc1OCC(F)(F)F,7.25,1
CHEMBL3696113,Fc1ccc(-c2csc3c(-c4cncc5ccccc45)cccc23)cc1,7.25,1
CHEMBL307729,C[C@]12CCC3C(CCC4=CC(=O)CC[C@@]43C)C1CC=C2n1cncn1,7.26,1
CHEMBL3415123,C[C@]12CC[C@H]3[C@@H](CCC4=CC(=O)CC[C@@]43C)[C@@H]1CC=C2n1cncn1,7.26,1
CHEMBL1766173,COc1ccc(-c2ccc(C(O)(c3c[nH]cn3)C(C)C)cc2)cc1,7.27,1
CHEMBL134442,C[C@@H]1CCC2C(C)(C)C3CC21CC[C@@]3(C)OC(=O)Cc1ccncc1,7.28,1
CHEMBL1172779,Oc1ccc(-c2ccc(Cc3ccncc3)cc2)cc1O,7.28,1
CHEMBL571003,CCC(c1ccc(-c2ccc(O)c(O)c2)cc1F)n1ccnc1,7.28,1
CHEMBL3666696,Cc1cc(NS(C)(=O)=O)ccc1-c1cnccc1Cl,7.28,1
CHEMBL3666708,CS(=O)(=O)Nc1ccc(-c2cncc3ncccc23)c(OCCF)c1,7.29,1
CHEMBL3902750,Cn1cncc1-c1ccnc2c1cnn2-c1ccc(F)cc1,7.3,1
CHEMBL325307,C[C@]12CCC3C(CCC4=CC(=O)CC[C@@]43C)C1CC=C2c1c[nH]cn1,7.3,1
CHEMBL3264604,COc1cc2ccc(C(O)(c3c[nH]cn3)C(C)C)cc2cc1OC,7.3,1
CHEMBL3972629,C[C@]12CC[C@H]3[C@@H](CC[C@H]4CC(O)C[C@@]43C)[C@@H]1CC=C2n1ccnn1,7.3,1
CHEMBL1766171,CC(C)C(O)(c1cccc(-c2ccc(Cl)cc2)c1)c1c[nH]cn1,7.31,1
CHEMBL3666699,CCc1ncncc1-c1ccc(NS(C)(=O)=O)cc1OC,7.31,1
CHEMBL157101,CC(=O)N1CCN(c2ccc(OCC3COC(Cn4ccnc4)(c4ccc(Cl)cc4Cl)O3)cc2)CC1,7.32,1
CHEMBL4280777,O=C(C1CC1)N1CCN(c2ccc(/C=C/c3cc(Cl)cc(Cn4ccnc4)c3)cc2)CC1,7.32,1
CHEMBL3677961,O=C1N(c2cc(C3CC3)ncn2)CCN1c1cnccc1C1CC1,7.32,1
CHEMBL1921985,CNC(=O)c1ccc2cc([C@]3(O)CCn4cncc43)ccc2c1,7.32,1
CHEMBL3666710,CS(=O)(=O)Nc1ccc(-c2cncc3ccccc23)c(C(F)(F)F)c1,7.32,1
CHEMBL3696104,Clc1ccncc1-c1cccc2c(C3CC3)noc12,7.32,1
CHEMBL82926,C[C@]12CCC3C(CC=C4C[C@@H](O)CC[C@@]43C)C1CC[C@@H]2c1cccnc1,7.33,1
CHEMBL1682894,CCNC(=O)c1ccc2cc(C(O)(c3c[nH]cn3)C(C)C)ccc2c1,7.34,1
CHEMBL4091726,Fc1cncc(CN2CCc3c(sc4ccc(F)cc34)C2)c1,7.34,1
CHEMBL3677956,O=C1N(c2ccnc(Cl)c2)CCN1c1cnccc1C1(O)CCC1,7.35,1
CHEMBL1766185,CC(=O)Nc1cccc(-c2ccc(C(O)(c3c[nH]cn3)C3CC3)cc2)c1,7.35,1
CHEMBL4063960,COc1cncc(CN2CCc3c(sc4ccc(F)cc34)C2)c1,7.35,1
CHEMBL1766178,CNC(=O)c1cccc(-c2ccc(C(O)(c3c[nH]cn3)C(C)C)cc2)c1,7.36,1
CHEMBL3677931,COc1cc(N2CCN(c3cnccc3C3CC3)C2=O)ccn1,7.38,1
CHEMBL78322,O=c1c2ccccc2oc2c(Br)ccc(Cn3ccnc3)c12,7.38,1
CHEMBL3696105,Clc1ccccc1-c1noc2c(-c3cncnc3-n3cncn3)cccc12,7.38,1
CHEMBL4127969,Fc1cc(/C=C/c2ccc(N3CCN(C4=NCCCO4)CC3)cc2)cc(Cn2ccnc2)c1,7.38,1
CHEMBL2112517,C[C@]12CC[C@H]3[C@@H](CC=C4C[C@@H](O)CC[C@@]43C)[C@@H]1CC=C2c1cc[nH]n1,7.38,1
CHEMBL4284598,Fc1cc(/C=C/c2ccc(Br)cc2)cc(-c2ccncc2)c1,7.38,1
CHEMBL1397,CC[C@@H]([C@H](C)O)n1ncn(-c2ccc(N3CCN(c4ccc(OC[C@@H]5CO[C@@](Cn6cncn6)(c6ccc(F)cc6F)C5)cc4)CC3)cc2)c1=O,7.38,1
CHEMBL3662056,Cc1ccncc1-c1ccc(NS(C)(=O)=O)cc1OCC(F)(F)F,7.38,1
CHEMBL4129703,CC(=O)N1CCN(c2ccc(/C=C/c3cc(Cl)cc(Cn4ccnc4)c3)cc2)CC1,7.38,1
CHEMBL4279058,Clc1ccccc1[C@]1(Cn2ccnc2)OC[C@@H](OCc2ccc(-c3ccncc3)cc2)CO1,7.38,1
CHEMBL3893796,Fc1ccc(-n2ncc3c(-c4cncc5ncccc45)ccnc32)cc1,7.39,1
CHEMBL3677929,Cc1nc(Cl)cc(N2CCN(c3cnccc3C3CC3)C2=O)n1,7.39,1
CHEMBL3956116,Cc1ccncc1-c1ccnn2c(-c3ccccc3)cnc12,7.39,1
CHEMBL3666706,CS(=O)(=O)Nc1ccc(-c2cncc3ccccc23)c(OCCF)c1,7.4,1
CHEMBL2147036,Cc1ccncc1-c1cccc2c1ncn2-c1cccc(C(F)(F)F)n1,7.4,1
CHEMBL4278033,CCOC(=O)CNC(=O)N1CCN(c2ccc(CO[C@H]3CO[C@](Cn4ccnc4)(c4ccccc4Cl)OC3)cc2)CC1,7.4,1
CHEMBL134644,CC12CCC(O)CC1=CCC1C2CCC2(C)C(c3c[nH]cn3)=CCC12,7.4,1
CHEMBL1766184,CCC(O)(c1ccc(-c2cccc(NC(C)=O)c2)cc1)c1c[nH]cn1,7.4,1
CHEMBL4127378,CC(C)S(=O)(=O)N1CCN(c2ccc(/C=C/c3cc(F)cc(Cn4ccnc4)c3)cc2)CC1,7.41,1
CHEMBL1682889,CC(=O)Nc1ccc2cc(C(O)(c3c[nH]cn3)C(C)C)ccc2c1,7.41,1
CHEMBL1682899,CNC(=O)c1cc2ccc(C(O)(c3c[nH]cn3)C(C)C)cc2cc1C,7.41,1
CHEMBL3666711,CS(=O)(=O)Nc1ccc(-c2cnccc2C2CC2)c(C(F)(F)F)c1,7.41,1
CHEMBL135095,C[C@@H]1CCC2C(C)(C)C3CC21CC[C@@]3(C)OC(=O)Cc1cccnc1,7.42,1
CHEMBL1682895,CCCNC(=O)c1ccc2cc(C(O)(c3c[nH]cn3)C(C)C)ccc2c1,7.42,1
CHEMBL1766183,CC(=O)Nc1cccc(-c2ccc(C(C)(O)c3c[nH]cn3)cc2)c1,7.42,1
CHEMBL1921977,CNC(=O)c1ccc2cc(C3(O)CCn4cncc43)ccc2c1,7.42,1
CHEMBL4279221,CC(C)S(=O)(=O)N1CCN(c2ccc(/C=C/c3cc(Cl)cc(Cn4ccnc4)c3)cc2)CC1,7.42,1
CHEMBL1173326,CC(C)=C(c1ccncc1)c1ccc(-c2cccc(N)c2)cc1,7.42,1
CHEMBL2147035,Cc1ccncc1-c1cccc2c1ncn2-c1cnccn1,7.43,1
CHEMBL1172847,CC(C)=C(c1ccncc1)c1ccc(-c2ccc(O)c(O)c2)cc1,7.43,1
CHEMBL1682890,CNC(=O)Nc1ccc2cc(C(O)(c3c[nH]cn3)C(C)C)ccc2c1,7.44,1
CHEMBL1682902,CC(C)C(O)(c1ccc2cc3c(cc2c1)CNC3=O)c1c[nH]cn1,7.44,1
CHEMBL3677966,O=C1N(c2ccnc(C3CC3)n2)CCN1c1cnccc1C1CC1,7.44,1
CHEMBL1766182,CC(=O)Nc1cccc(-c2ccc(C(O)(c3c[nH]cn3)C(C)C)cc2)n1,7.44,1
CHEMBL134509,CC(C(=O)OC12CC3CC(CC(C3)C1)C2)c1cccnc1,7.46,1
CHEMBL132380,CCC(CC)(C(=O)OC1CC2CC([C@@H]1C)C2(C)C)c1ccncc1,7.46,1
CHEMBL4281653,CC(=O)N1CCN(c2ccc(/C=C/c3cc(Cl)cc(Cc4cccnc4)c3)cc2)CC1,7.46,1
CHEMBL4125765,O=S(=O)(C1CC1)N1CCN(c2ccc(/C=C/c3cc(F)cc(Cn4ccnc4)c3)cc2)CC1,7.47,1
CHEMBL1766172,CC(C)C(O)(c1ccc(-c2ccccc2)cc1)c1c[nH]cn1,7.48,1
CHEMBL4290805,Clc1ccc([C@]2(Cn3ccnc3)OC[C@@H](OCc3ccc(-c4ccncc4)cc3)CO2)c(Cl)c1,7.48,1
CHEMBL3662055,Cc1ccncc1-c1ccc(NS(C)(=O)=O)cc1OCC(F)F,7.5,1
CHEMBL4286077,O=S(=O)(CCCCl)N1CCN(c2ccc(/C=C/c3cc(Cl)cc(Cn4ccnc4)c3)cc2)CC1,7.51,1
CHEMBL3677946,O=C1N(c2ccc3cc(F)sc3c2)CCN1c1cnccc1C1CC1,7.52,1
CHEMBL1682892,CC(C)C(O)(c1ccc2cc(C(N)=O)ccc2c1)c1c[nH]cn1,7.52,1
CHEMBL1921981,NC(=O)c1ccc2cc(C3(O)CCn4cncc43)ccc2c1,7.54,1
CHEMBL4101612,Fc1ccc2sc3c(c2c1)CCN(Cc1cccnc1)C3,7.54,1
CHEMBL1682888,CC(=O)c1ccc2cc(C(O)(c3c[nH]cn3)C(C)C)ccc2c1,7.55,1
CHEMBL1682887,COc1ccc2cc([C@](O)(c3c[nH]cn3)C(C)C)ccc2c1,7.55,1
CHEMBL1766175,CC(C)C(O)(c1ccc(-c2ccc(Cl)cc2)cc1)c1c[nH]cn1,7.55,1
CHEMBL357811,C[C@]12CCC3C(CC=C4C[C@@H](O)CC[C@@]43C)C1CC[C@H]2c1ccncc1,7.57,1
CHEMBL3662061,COc1cc(NS(=O)(=O)c2cccc3cccnc23)ccc1-c1cncc2ccccc12,7.57,1
CHEMBL1766174,CC(C)C(O)(c1ccc(-c2ccc(F)cc2)cc1)c1c[nH]cn1,7.57,1
CHEMBL371430,COc1ccc2ccc(-c3cccnc3)c(Cl)c2c1,7.57,1
CHEMBL3677959,O=C1N(c2cccc(C(F)(F)F)c2)CCN1c1cnccc1C1(O)CC1,7.57,1
CHEMBL3218783,C[C@]12CC[C@H]3[C@@H](CC=C4C[C@@H](O)CC[C@@]43C)[C@@H]1CC[C@H]2c1ccncc1,7.57,1
CHEMBL4281307,CN(C)C(=O)N1CCN(c2ccc(CO[C@H]3CO[C@](Cn4ccnc4)(c4ccccc4Cl)OC3)cc2)CC1,7.57,1
CHEMBL1766187,CC(=O)Nc1cccc(-c2ccc([C@](O)(c3c[nH]cn3)C(C)C)cc2)c1,7.58,1
CHEMBL3677925,O=C1N(c2ccc3ccccc3c2)CCN1c1cnccc1C1CC1,7.58,1
CHEMBL3666709,Cc1ccncc1-c1ccc(NS(C)(=O)=O)cc1C(F)(F)F,7.58,1
CHEMBL3677935,O=C1N(c2ccc3sc(F)cc3c2)CCN1c1cnccc1C1CC1,7.58,1
CHEMBL1766189,CC(=O)Nc1cccc(-c2ccc([C@](O)(c3c[nH]cn3)C(C)C)cc2)n1,7.58,1
CHEMBL4294598,O=C(c1cccnc1)N1CCN(c2ccc(/C=C/c3cc(Cl)cc(Cn4ccnc4)c3)cc2)CC1,7.58,1
CHEMBL4279727,N#Cc1cccc(CN2CCN(c3ccc(/C=C/c4cc(Cl)cc(Cn5ccnc5)c4)cc3)CC2)c1,7.6,1
CHEMBL4068802,Fc1ccc2sc3c(c2c1)CCN(Cc1c[nH]cn1)C3,7.61,1
CHEMBL2112526,C[C@]12CC[C@H]3[C@@H](CC=C4C[C@@H](O)CC[C@@]43C)[C@@H]1CC=C2c1c[nH]cn1,7.62,1
CHEMBL1766176,CC(=O)Nc1cccc(-c2ccc(C(O)(c3c[nH]cn3)C(C)C)cc2)c1,7.62,1
CHEMBL1682891,COC(=O)c1ccc2cc(C(O)(c3c[nH]cn3)C(C)C)ccc2c1,7.62,1
CHEMBL4064141,Oc1ccc2sc3c(c2c1)CCN(Cc1cccnc1)C3,7.62,1
CHEMBL4128449,CCS(=O)(=O)N1CCN(c2ccc(/C=C/c3cc(Cl)cc(Cn4ccnc4)c3)cc2)CC1,7.62,1
CHEMBL3953640,NS(=O)(=O)c1cccc(-n2ncc3c(-c4cncc5ccccc45)ccnc32)c1,7.64,1
CHEMBL1682901,CC(C)C(O)(c1ccc2c3c(ccc2c1)C(=O)N(C)C3)c1c[nH]cn1,7.66,1
CHEMBL3677965,Cc1cc(N2CCN(c3cnccc3C3CC3)C2=O)ncc1F,7.66,1
CHEMBL3677930,O=C1N(c2cc(C(F)(F)F)ccn2)CCN1c1cnccc1C1CC1,7.66,1
CHEMBL1766191,CC[C@](O)(c1ccc(-c2cccc(NC(C)=O)c2)cc1)c1c[nH]cn1,7.66,1
CHEMBL4283190,N#Cc1cccc(C(=O)N2CCN(c3ccc(/C=C/c4cc(Cl)cc(Cn5ccnc5)c4)cc3)CC2)c1,7.66,1
CHEMBL2112522,C[C@]12CC[C@H]3[C@@H](CC=C4C[C@@H](O)CC[C@@]43C)[C@@H]1CC=C2c1ncc[nH]1,7.68,1
CHEMBL4279912,CC(=O)N1CCN(c2ccc(CCc3cc(F)cc(-c4ccncc4)c3)cc2)CC1,7.68,1
CHEMBL3780847,C[C@]12CCC3[C@@H](CC=C4C[C@@H](O)CC[C@@]43C)C1CC=C2c1cccnc1,7.68,1
CHEMBL1766180,CNC(=O)Nc1cccc(-c2ccc(C(O)(c3c[nH]cn3)C(C)C)cc2)c1,7.68,1
CHEMBL4292267,N#Cc1cccc(S(=O)(=O)N2CCN(c3ccc(/C=C/c4cc(Cl)cc(Cn5ccnc5)c4)cc3)CC2)c1,7.68,1
CHEMBL4127385,O=S(=O)(C1CC1)N1CCN(c2ccc(/C=C/c3cc(Cl)cc(Cn4ccnc4)c3)cc2)CC1,7.68,1
CHEMBL4278076,COCCOC(=O)N1CCN(c2ccc(CO[C@H]3CO[C@](Cn4ccnc4)(c4ccccc4Cl)OC3)cc2)CC1,7.7,1
CHEMBL4059780,Cc1ccncc1CN1CCc2c(sc3ccc(F)cc23)C1,7.7,1
CHEMBL3677945,Cc1c(F)sc2ccc(N3CCN(c4cnccc4C4CC4)C3=O)cc12,7.72,1
CHEMBL1682903,CC(C)C(O)(c1ccc2cc3c(cc2c1)CN(C)C3=O)c1c[nH]cn1,7.72,1
CHEMBL2147041,Cc1ccncc1-c1cccc2c1ncn2CC(F)(F)F,7.72,1
CHEMBL1921976,CNC(=O)c1ccc2cc([C@@]3(O)CCn4cncc43)ccc2c1,7.72,1
CHEMBL1682904,CC(C)[C@](O)(c1ccc2c3c(ccc2c1)C(=O)N(C)C3)c1c[nH]cn1,7.72,1
CHEMBL1766170,CC(C)C(O)(c1cccc(-c2ccc(F)cc2)c1)c1c[nH]cn1,7.72,1
CHEMBL3415125,C[C@]12CC[C@H]3[C@@H](CCC4=CC(=O)CC[C@@]43C)[C@@H]1CC=C2n1ccnn1,7.72,1
CHEMBL3964421,COCCS(=O)(=O)N1CCN(c2ccc(OC[C@@H]3CO[C@@](Cn4ccnc4)(c4ccc(Cl)cc4Cl)O3)cc2)CC1,7.72,1
CHEMBL271227,CC(=O)O[C@H]1CC[C@@]2(C)C(=CC[C@H]3[C@@H]4CC=C(c5cccnc5)[C@@]4(C)CC[C@@H]32)C1,7.75,1
CHEMBL113242,O=C(OCc1ccncc1)C12CC3CC(CC(C3)C1)C2,7.75,1
CHEMBL1766169,CC(C)C(O)(c1cccc(-c2ccccc2)c1)c1c[nH]cn1,7.75,1
CHEMBL4128197,N=C(N)N1CCN(c2ccc(/C=C/c3cc(F)cc(-c4ccncc4)c3)cc2)CC1,7.75,1
CHEMBL3677942,O=C1N(c2ccc3c(c2)CCC3)CCN1c1cnccc1C1CC1,7.77,1
CHEMBL4128621,O=S(=O)(c1cccnc1)N1CCN(c2ccc(/C=C/c3cc(Cl)cc(Cn4ccnc4)c3)cc2)CC1,7.77,1
CHEMBL4293550,O=C(c1cccc([N+](=O)[O-])c1)N1CCN(c2ccc(/C=C/c3cc(Cl)cc(Cn4ccnc4)c3)cc2)CC1,7.77,1
CHEMBL4288256,O=S(=O)(c1cccc(OC(F)(F)F)c1)N1CCN(c2ccc(/C=C/c3cc(Cl)cc(Cn4ccnc4)c3)cc2)CC1,7.77,1
CHEMBL4279416,Clc1cc(/C=C/c2ccc(N3CCN(CC4CC4)CC3)cc2)cc(Cn2ccnc2)c1,7.77,1
CHEMBL4214976,C[C@]12CC[C@H]3[C@@H](C/C(=N/O)[C@H]4C[C@@H](O)CC[C@@]43C)[C@@H]1CC=C2c1cccnc1,7.78,1
CHEMBL4280378,O=S(=O)(N1CCN(c2ccc(CCc3cc(F)cc(-c4ccncc4)c3)cc2)CC1)C(F)(F)F,7.78,1
CHEMBL138272,C/C(=N/O)C1=CCC2C3CC=C4C[C@@H](O)CC[C@]4(C)C3CC[C@]12C,7.8,1
CHEMBL3902061,CC(=O)c1ccccc1-c1cnc2c(-c3cnccc3C)ccnn12,7.8,1
CHEMBL2420684,Oc1cncc(-c2ccc3ccc(O)cc3c2Cl)c1,7.8,1
CHEMBL1682893,CNC(=O)c1ccc2cc(C(O)(c3c[nH]cn3)C(C)C)ccc2c1,7.8,1
CHEMBL337251,C[C@@H]1C(OC(=O)C(C)(C)c2cccnc2)CC2CC1C2(C)C,7.82,1
CHEMBL3899979,Cc1ccncc1C1=CC=C2[C@@H]3CC=C4C[C@@H](O)CC[C@]4(C)[C@H]3CC[C@]12C,7.82,1
CHEMBL3983734,CS(=O)(=O)N1CCN(c2ccc(OC[C@@H]3CO[C@@](Cn4ccnc4)(c4ccc(Cl)cc4Cl)O3)cc2)CC1,7.82,1
CHEMBL3934768,C[C@]12CC[C@H]3[C@@H](CC=C4C[C@@H](O)CC[C@@]43C)C1=CC=C2c1cncc(C(F)F)c1,7.82,1
CHEMBL3904457,CN(C)CC(=O)O[C@H]1CC[C@@]2(C)C(=CC[C@H]3C4=CC=C(c5cccnc5)[C@@]4(C)CC[C@@H]32)C1,7.82,1
CHEMBL3891718,Cn1ccnc1S(=O)(=O)N1CCN(c2ccc(OC[C@@H]3CO[C@@](Cn4ccnc4)(c4ccc(Cl)cc4Cl)O3)cc2)CC1,7.82,1
CHEMBL132072,C[C@@H]1C(OC(=O)Cc2ccncc2)CC2CC1C2(C)C,7.85,1
CHEMBL3084923,CC(C)(C(=O)OC1(C)C2CC3CC(C2)CC1C3)c1cccnc1,7.89,1
CHEMBL3677928,O=C1N(c2cc3ccccc3s2)CCN1c1cnccc1C1CC1,7.89,1
CHEMBL3677926,O=C1N(c2ccc3sccc3c2)CCN1c1cnccc1C1CC1,7.89,1
CHEMBL3415119,C[C@]12CC[C@H]3[C@@H](CC=C4C[C@@H](O)CC[C@@]43C)[C@@H]1CC=C2n1ccnn1,7.89,1
CHEMBL4283318,O=S(=O)(c1cccnc1)N1CCN(c2ccc(CO[C@H]3CO[C@](Cn4ccnc4)(c4ccc(Cl)cc4Cl)OC3)cc2)CC1,7.89,1
CHEMBL1921979,CNC(=O)c1ccc2cc(C3CCn4cncc43)ccc2c1,7.89,1
CHEMBL3677957,O=C1N(c2ccnc(Cl)c2)CCN1c1cnccc1C1CCCC1,7.89,1
CHEMBL310315,C[C@]12CCC3C(CC=C4C=CCC[C@@]43C)C1CC=C2c1cccnc1,7.9,1
CHEMBL4209916,C[C@]12CC[C@H]3[C@@H](CC(=O)[C@H]4C[C@@H](O)CC[C@@]43C)[C@@H]1CC=C2c1cccnc1,7.91,1
CHEMBL3894912,CC(C)S(=O)(=O)N1CCN(c2ccc(OC[C@@H]3CO[C@@](Cn4ccnc4)(c4ccc(Cl)cc4Cl)O3)cc2)CC1,7.92,1
CHEMBL3677962,O=C1N(c2ccnc(C3CC3)c2)CCN1c1cnccc1C1CC1,7.92,1
CHEMBL4285420,CS(=O)(=O)N1CCN(c2ccc(CO[C@H]3CO[C@](Cn4ccnc4)(c4ccccc4Cl)OC3)cc2)CC1,7.92,1
CHEMBL3677953,COc1cc(N2C(=O)N(c3cnccc3C3CC3)[C@@H]3C[C@@H]32)ccn1,7.92,1
CHEMBL4283588,O=S(=O)(C1CC1)N1CCN(c2ccc(CO[C@H]3CO[C@](Cn4ccnc4)(c4ccc(Cl)cc4Cl)OC3)cc2)CC1,7.96,1
CHEMBL2420683,COc1ccc2ccc(-c3cncc(O)c3)c(Cl)c2c1,7.96,1
CHEMBL2147037,Cc1ccncc1-c1cccc2c1ncn2-c1cccc(F)n1,7.96,1
CHEMBL3931836,O=S(=O)(C1CCOCC1)N1CCN(c2ccc(OC[C@@H]3CO[C@@](Cn4ccnc4)(c4ccc(Cl)cc4Cl)O3)cc2)CC1,7.96,1
CHEMBL4287608,CC(C)S(=O)(=O)N1CCN(c2ccc(CO[C@H]3CO[C@](Cn4ccnc4)(c4ccc(Cl)cc4Cl)OC3)cc2)CC1,7.96,1
CHEMBL3677934,O=C1N(c2ccc3scc(C(F)(F)F)c3c2)CCN1c1cnccc1C1CC1,7.96,1
CHEMBL4283570,Fc1cc(/C=C/c2ccc(-c3ccncc3)cc2)cc(-c2ccncc2)c1,7.96,1
CHEMBL3662059,COc1cc(NS(=O)(=O)c2cccc3ccccc23)ccc1-c1cncc2ccccc12,7.96,1
CHEMBL132778,C[C@]12CC[C@H]3[C@@H](CCC4=CC(=O)CC[C@@]43C)[C@@H]1CC=C2c1cccnc1,8,1
CHEMBL3952895,CC1C[C@H]2C3=CC=C(c4cccnc4)[C@@]3(C)CC[C@@H]2[C@@]2(C)CCN(C)C(=O)C=C12,8,1
CHEMBL135070,C[C@@H]1C(OC(=O)C(C)(C)c2ccncc2)CC2CC1C2(C)C,8,1
CHEMBL3944649,C=C1C[C@H]2C3=CC=C(c4cccnc4)[C@@]3(C)CC[C@@H]2[C@@]2(C)CCC(=O)C=C12,8,1
CHEMBL3964049,C[C@]12CC[C@H]3[C@@H](CCC4=CC(=O)CC[C@@]43C)C1=CC=C2c1cncnc1,8,1
CHEMBL3891132,C[C@]12CC[C@H]3[C@@H](C=CC4=CC(=O)CC[C@@]43C)C1=CC=C2c1cccnc1,8,1
CHEMBL3957632,C[C@]12CC[C@H]3[C@@H](CCC4=CC(=O)C=C[C@@]43C)C1=CC=C2c1cccnc1,8,1
CHEMBL3929550,CC1C[C@@H]2[C@H](CC[C@]3(C)C(c4cncc(F)c4)=CC[C@@H]23)[C@@]2(C)C=CC(=O)C=C12,8,1
CHEMBL3938811,CCC(=O)N1CCC[C@]2(C)[C@H]3CC[C@]4(C)C(n5ccnc5)=CC[C@H]4[C@]3(C)CC[C@H]2C1,8,1
CHEMBL3919907,CC1C[C@H]2C3=CC=C(c4cncc(F)c4)[C@@]3(C)CC[C@@H]2[C@@]2(C)CCNC(=O)C=C12,8,1
CHEMBL3677968,O=C1N(c2cc(Cl)nc(C(F)(F)F)n2)CCN1c1cnccc1C1CC1,8,1
CHEMBL3938702,CCC1C[C@H]2[C@@H]3CC=C(c4cccnc4)[C@@]3(C)CC[C@@H]2[C@@]2(C)CCC(=O)C=C12,8,1
CHEMBL3985019,C=C1C[C@H]2C3=CC=C(c4cncc(F)c4)[C@@]3(C)CC[C@@H]2[C@@]2(C)CCC(=O)C=C12,8,1
CHEMBL3982478,C[C@]12CC[C@H]3[C@@H](CC4(CC4)C4=CC(=O)CC[C@@]43C)C1=CC=C2c1cncc(F)c1,8,1
CHEMBL3969233,CCC1C[C@H]2C3=CC=C(c4cccnc4)[C@@]3(C)CC[C@@H]2[C@@]2(C)CCC(=O)C=C12,8,1
CHEMBL3969480,CC1C[C@H]2[C@@H]3CC=C(c4cccnc4)[C@@]3(C)CC[C@@H]2[C@@]2(C)CCC(=O)C=C12,8,1
CHEMBL3959459,C[C@]12CC[C@H]3[C@@H](CCC4=CC(=O)CC[C@@]43C)C1=CC=C2c1cncc(F)c1,8,1
CHEMBL3958540,C=C1C[C@H]2[C@@H]3CC=C(c4cccnc4)[C@@]3(C)CC[C@@H]2[C@@]2(C)CCC(=O)C=C12,8,1
CHEMBL3914206,CN1CC[C@@]2(C)C(=CC1=O)C1CC1[C@H]1C3=CC=C(c4cccnc4)[C@@]3(C)CC[C@@H]12,8,1
CHEMBL3666688,COc1cc(NS(=O)(=O)Cc2ccccc2)ccc1-c1cncnc1C,8.02,1
CHEMBL336102,CCC(C(=O)OC1CC2CC([C@@H]1C)C2(C)C)c1ccncc1,8.05,1
CHEMBL4287787,O=[N+]([O-])c1cccc(S(=O)(=O)N2CCN(c3ccc(/C=C/c4cc(Cl)cc(Cn5ccnc5)c4)cc3)CC2)c1,8.05,1
CHEMBL4291856,CCS(=O)(=O)N1CCN(c2ccc(CO[C@H]3CO[C@](Cn4ccnc4)(c4ccc(Cl)cc4Cl)OC3)cc2)CC1,8.05,1
CHEMBL3960724,O=S(=O)(c1cccs1)N1CCN(c2ccc(OC[C@@H]3CO[C@@](Cn4ccnc4)(c4ccc(Cl)cc4Cl)O3)cc2)CC1,8.05,1
CHEMBL3952032,N#CCS(=O)(=O)N1CCN(c2ccc(OC[C@@H]3CO[C@@](Cn4ccnc4)(c4ccc(Cl)cc4Cl)O3)cc2)CC1,8.05,1
CHEMBL3677924,O=C1N(c2ccnc(C(F)(F)F)c2)CCN1c1cnccc1C1CC1,8.05,1
CHEMBL3965336,Cc1ccncc1-c1ccnn2c(-c3cccs3)cnc12,8.05,1
CHEMBL3662062,CCS(=O)(=O)Nc1ccc(-c2cncc3ccccc23)c(OC)c1,8.09,1
CHEMBL74661,C[C@]12CCC3C(CC=C4C[C@@H](O)CC[C@@]43C)C1CC=C2n1ccnc1,8.1,1
CHEMBL3781487,Cc1ccncc1-c1cccc2c1ncn2-c1nccs1,8.1,1
CHEMBL3639767,O=C1N(c2ccnc(Cl)c2)CCN1c1cnccc1C1CC1,8.1,1
CHEMBL3781910,Cc1ccncc1-c1cccc2c1ncn2-c1cscn1,8.1,1
CHEMBL3968178,O=S(=O)(C(F)F)N1CCN(c2ccc(OC[C@@H]3CO[C@@](Cn4ccnc4)(c4ccc(Cl)cc4Cl)O3)cc2)CC1,8.1,1
CHEMBL4283402,CCOC(=O)CNC(=O)N1CCN(c2ccc(/C=C/c3cc(F)cc(-c4ccncc4)c3)cc2)CC1,8.1,1
CHEMBL4289930,CC(=O)N1CCN(c2ccc(CO[C@H]3CO[C@](Cn4ccnc4)(c4ccc(Cl)cc4Cl)OC3)cc2)CC1,8.1,1
CHEMBL3696110,Cc1ncncc1-c1ccnc2c(-c3ccc(F)cc3)csc12,8.1,1
CHEMBL4210737,C[C@]12CC[C@H]3[C@@H](C[C@@H]4C[C@@]45C[C@@H](O)CC[C@]35C)[C@@H]1CC=C2c1cccnc1,8.11,1
CHEMBL3666695,Cc1ccncc1-c1ccc(NS(=O)(=O)C2CC2)cc1OCC(F)(F)F,8.11,1
CHEMBL4213452,C[C@]12CC[C@H]3[C@@H](C[C@H](O)[C@H]4C[C@@H](O)CC[C@@]43C)[C@@H]1CC=C2c1cccnc1,8.14,1
CHEMBL3415124,C[C@]12CC[C@H]3[C@@H](CCC4=CC(=O)CC[C@@]43C)[C@@H]1CC=C2n1ccnc1,8.15,1
CHEMBL4288241,CCOC(=O)CNC(=O)N1CCN(c2ccc(CCc3cc(F)cc(-c4ccncc4)c3)cc2)CC1,8.15,1
CHEMBL3980889,CS(=O)(=O)CS(=O)(=O)N1CCN(c2ccc(OC[C@@H]3CO[C@@](Cn4ccnc4)(c4ccc(Cl)cc4Cl)O3)cc2)CC1,8.15,1
CHEMBL3677943,O=C1N(c2cc3cc(F)ccc3s2)CCN1c1cnccc1C1CC1,8.15,1
CHEMBL3677937,O=C1N(c2ccc3ccsc3c2)CCN1c1cnccc1C1CC1,8.15,1
CHEMBL4288168,O=S(=O)(c1cccnc1)N1CCN(c2ccc(/C=C/c3cc(F)cc(-c4ccncc4)c3)cc2)CC1,8.15,1
CHEMBL3677955,O=C1N(c2ccnc(C(F)(F)F)c2)[C@H]2C[C@H]2N1c1cnccc1C1CC1,8.16,1
CHEMBL3677936,Cc1csc2ccc(N3CCN(c4cnccc4C4CC4)C3=O)cc12,8.17,1
CHEMBL3662057,COc1cc(NS(C)(=O)=O)ccc1-c1cncc2ccccc12,8.18,1
CHEMBL4127240,O=S(=O)(c1c[nH]cn1)N1CCN(c2ccc(/C=C/c3cc(Cl)cc(Cn4ccnc4)c3)cc2)CC1,8.21,1
CHEMBL3662064,COc1cc(NS(=O)(=O)C2CC2)ccc1-c1cncc2ccccc12,8.21,1
CHEMBL133724,CC(C(=O)OC1CC2CC([C@@H]1C)C2(C)C)c1ccncc1,8.22,1
CHEMBL3677972,O=C1N(c2cc(C(F)(F)F)nc(C(F)(F)F)c2)CCN1c1cnccc1C1CC1,8.22,1
CHEMBL3677951,O=C1N(c2ccnc(Cl)c2)[C@H]2C[C@H]2N1c1cnccc1C1CC1,8.22,1
CHEMBL3677947,O=C1N(c2cc(F)c3ccsc3c2)CCN1c1cnccc1C1CC1,8.22,1
CHEMBL3662065,COc1cc(NS(=O)(=O)c2ccccn2)ccc1-c1cncc2ccccc12,8.22,1
CHEMBL3677927,O=C1N(c2cccc(C(F)(F)F)c2)CCN1c1cnccc1C1CC1,8.22,1
CHEMBL4128495,N#CCS(=O)(=O)N1CCN(c2ccc(/C=C/c3cc(Cl)cc(-c4ccncc4)c3)cc2)CC1,8.22,1
CHEMBL2147034,Cc1ccncc1-c1cccc2c1ncn2-c1ccccn1,8.24,1
CHEMBL1921975,CNC(=O)c1ccc2cc([C@](O)(c3c[nH]cn3)C(C)C)ccc2c1,8.26,1
CHEMBL3662070,COc1cc(NS(=O)(=O)c2ccccc2)ccc1-c1cncnc1C,8.27,1
CHEMBL3677970,O=C1N(c2cc(Cl)nc(C3CC3)c2)CCN1c1cnccc1C1CC1,8.28,1
CHEMBL3677960,O=C1N(c2cc(Cl)nc(C(F)(F)F)c2)CCN1c1cnccc1C1CC1,8.3,1
CHEMBL4126996,O=S(=O)(C1CC1)N1CCN(c2ccc(/C=C/c3cc(F)cc(-c4ccncc4)c3)cc2)CC1,8.3,1
CHEMBL4126956,O=S(=O)(C(F)F)N1CCN(c2ccc(/C=C/c3cc(F)cc(-c4ccncc4)c3)cc2)CC1,8.3,1
CHEMBL4128640,O=S(=O)(C1CC1)N1CCN(c2ccc(/C=C/c3cc(Cl)cc(-c4ccncc4)c3)cc2)CC1,8.3,1
CHEMBL4126014,CS(=O)(=O)N1CCN(c2ccc(/C=C/c3cc(Cl)cc(-c4ccncc4)c3)cc2)CC1,8.3,1
CHEMBL3137967,C[C@]12CC[C@H]3[C@@H](CC[C@H]4C[C@@H](O)CC[C@@]43C)[C@@H]1CCC2c1cccnc1,8.3,1
CHEMBL4127256,CC(C)S(=O)(=O)N1CCN(c2ccc(/C=C/c3cc(Cl)cc(-c4ccncc4)c3)cc2)CC1,8.3,1
CHEMBL4126429,CS(=O)(=O)N1CCN(c2ccc(/C=C/c3cc(F)cc(-c4ccncc4)c3)cc2)CC1,8.3,1
CHEMBL3780226,Cc1ccncc1-c1cccc2c1cnn2-c1cnccn1,8.3,1
CHEMBL3780048,Cc1ccncc1-c1cccc2c1cnn2-c1cscn1,8.3,1
CHEMBL4127399,CC(=O)N1CCN(c2ccc(/C=C/c3cc(Cl)cc(-c4ccncc4)c3)cc2)CC1,8.3,1
CHEMBL4126816,Clc1cc(/C=C/c2ccc(N3CCN(C4=NCCO4)CC3)cc2)cc(-c2ccncc2)c1,8.3,1
CHEMBL4129859,O=S(=O)(C(F)F)N1CCN(c2ccc(/C=C/c3cc(Cl)cc(-c4ccncc4)c3)cc2)CC1,8.3,1
CHEMBL4129428,Fc1cc(/C=C/c2ccc(N3CCN(C4=NCCO4)CC3)cc2)cc(-c2ccncc2)c1,8.3,1
CHEMBL4126284,CCS(=O)(=O)N1CCN(c2ccc(/C=C/c3cc(F)cc(-c4ccncc4)c3)cc2)CC1,8.3,1
CHEMBL4286910,Fc1cc(/C=C/c2ccc(N3CCN(CC4CC4)CC3)cc2)cc(-c2ccncc2)c1,8.3,1
CHEMBL4127131,O=S(=O)(C(F)F)N1CCN(c2ccc(/C=C/c3cc(F)cc(Cn4ccnc4)c3)cc2)CC1,8.3,1
CHEMBL3781112,Cc1ccncc1-c1cccc2c1cnn2-c1ccc(F)cc1,8.3,1
CHEMBL3677971,O=C1N(c2cc(C3CC3)nc(C(F)(F)F)c2)CCN1c1cnccc1C1CC1,8.32,1
CHEMBL4129721,CC(=O)N1CCN(c2ccc(/C=C/c3cc(F)cc(-c4ccncc4)c3)cc2)CC1,8.34,1
CHEMBL79829,C[C@]12CCC3C(CC[C@H]4C[C@H](O)CC[C@]34C)C1CC=C2c1cccnc1,8.37,1
CHEMBL3780266,Cc1ccncc1-c1cccc2c1cnn2-c1nccs1,8.4,1
CHEMBL501198,CC(c1ccc2c(c1)Cc1ccccc1-2)n1ccnc1,8.4,1
CHEMBL4291002,CCOC(=O)CNC(=O)N1CCN(c2ccc(/C=C/c3cc(Cl)cc(Cn4ccnc4)c3)cc2)CC1,8.4,1
CHEMBL3780743,Cc1ccncc1-c1cccc2c1cnn2-c1ccccc1,8.4,1
CHEMBL3696111,Fc1ccc(-c2csc3c(-c4cncnc4C4CC4)ccnc23)cc1,8.4,1
CHEMBL3696112,Nc1ncncc1-c1ccnc2c(-c3ccc(F)cc3Cl)csc12,8.4,1
CHEMBL4289268,CC(C)S(=O)(=O)N1CCN(c2ccc(CCc3cc(F)cc(-c4ccncc4)c3)cc2)CC1,8.4,1
CHEMBL3696108,Cc1ccncc1-c1ccnc2c(-c3ccc(F)cc3)noc12,8.41,1
CHEMBL3922888,O=S(=O)(C1CC1)N1CCN(c2ccc(OC[C@@H]3CO[C@@](Cn4ccnc4)(c4ccc(Cl)cc4Cl)O3)cc2)CC1,8.43,1
CHEMBL4284756,CCOC(=O)CNC(=O)NC1CCN(c2ccc(/C=C/c3cc(Cl)cc(Cn4ccnc4)c3)cc2)CC1,8.46,1
CHEMBL3666692,COc1cc(NS(=O)(=O)Cc2ccc(Cl)cc2)ccc1-c1cncnc1C,8.47,1
CHEMBL3666703,CS(=O)(=O)Nc1ccc(-c2cncc3ccccc23)c(OC(F)(F)F)c1,8.49,1
CHEMBL3696101,Cc1ccncc1-c1cccc2c(-c3ccc(F)cc3)noc12,8.49,1
CHEMBL84230,C[C@]12CCC3C(CC[C@H]4CC(=O)CC[C@]34C)C1CC=C2c1cccnc1,8.52,1
CHEMBL4289969,O=S(=O)(C1CC1)N1CCN(c2ccc(CCc3cc(F)cc(-c4ccncc4)c3)cc2)CC1,8.52,1
CHEMBL3780658,Cc1ccncc1-c1cccc2c1cnn2-c1cccnn1,8.52,1
CHEMBL311444,C[C@]12CC(=O)C3C(CCC4=CC(=O)CC[C@@]43C)C1CC=C2c1cccnc1,8.54,1
CHEMBL3662058,COc1cc(NS(=O)(=O)c2ccccc2)ccc1-c1cncc2ccccc12,8.54,1
CHEMBL432751,C[C@]12CCC3C(CCC4=CC(=O)CC[C@@]43C)C1CC=C2c1cccnc1,8.55,1
CHEMBL3662060,COc1ccc(S(=O)(=O)Nc2ccc(-c3cncc4ccccc34)c(OC)c2)cc1,8.57,1
CHEMBL112908,CC(C)(OC(=O)C12CC3CC(CC(C3)C1)C2)c1ccncc1,8.57,1
CHEMBL3677940,Cc1coc2ccc(N3CCN(c4cnccc4C4CC4)C3=O)cc12,8.57,1
CHEMBL3666698,COc1cc(NS(C)(=O)=O)ccc1-c1cnccc1C,8.6,1
CHEMBL3666702,COc1cc(NS(C)(=O)=O)ccc1-c1cnccc1C1CC1,8.68,1
CHEMBL3782020,Cc1ccncc1-c1cccc2c1cnn2-c1ccccn1,8.7,1
CHEMBL4285546,CCS(=O)(=O)N1CCN(c2ccc(CCc3cc(F)cc(-c4ccncc4)c3)cc2)CC1,8.7,1
CHEMBL4128368,O=S(=O)(N1CCN(c2ccc(/C=C/c3cc(F)cc(-c4ccncc4)c3)cc2)CC1)C(F)(F)F,8.7,1
CHEMBL3677969,O=C1N(c2cc(Cl)nc(Cl)c2)CCN1c1cnccc1C1CC1,8.72,1
CHEMBL110524,C[C@H](OC(=O)C12CC3CC(CC(C3)C1)C2)c1ccncc1,8.74,1
CHEMBL310662,C[C@]12CCC3c4ccc(O)cc4CCC3C1CC=C2c1cccnc1,8.74,1
CHEMBL3666697,Cc1cc(NS(C)(=O)=O)ccc1-c1cnccc1OCC(F)(F)F,8.85,1
CHEMBL3696099,Cc1ccncc1-c1cccc2c(-c3ccccc3)noc12,8.96,1
CHEMBL4127656,CC(C)S(=O)(=O)N1CCN(c2ccc(/C=C/c3cc(F)cc(-c4ccncc4)c3)cc2)CC1,9,1
CHEMBL3913908,CCS(=O)(=O)N1CCN(c2ccc(OC[C@@H]3CO[C@@](Cn4ccnc4)(c4ccc(Cl)cc4Cl)O3)cc2)CC1,9.14,1
