ID,SMILES,pIC50,class
CHEMBL106,OC(Cn1cncn1)(Cn1cncn1)c1ccc(F)cc1F,3.70,inactive
CHEMBL1083652,O=c1c2ccccc2oc2cccc(Cn3ccnc3)c12,6.06,intermediate
CHEMBL109347,O=C(NCc1cccnc1)C12CC3CC(CC(C3)C1)C2,4.74,inactive
CHEMBL110257,C[C@H](NC(=O)C12CC3CC(CC(C3)C1)C2)c1ccncc1,6.68,intermediate
CHEMBL110524,C[C@H](OC(=O)C12CC3CC(CC(C3)C1)C2)c1ccncc1,8.74,potent
CHEMBL112039,CC(C1N=CC=N1)[C@H]1CCC2C3CCC4=CC(=O)CC[C@]4(C)C3CC[C@@]21C,4.52,inactive
CHEMBL112292,C[C@@H](OC(=O)C12CC3CC(CC(C3)C1)C2)c1ccncc1,7.13,active
CHEMBL112509,C[C@H](OC(=O)C12CC3CC(CC(C3)C1)C2)c1cccnc1,6.64,intermediate
CHEMBL112908,CC(C)(OC(=O)C12CC3CC(CC(C3)C1)C2)c1ccncc1,8.57,potent
CHEMBL113205,C[C@]12CCC3C(CC=C4CC(O)CC[C@@]43C)C1CCC2c1ccon1,5.95,inactive
CHEMBL113242,O=C(OCc1ccncc1)C12CC3CC(CC(C3)C1)C2,7.74,active
CHEMBL113407,C[C@]12CCC3C(CCC4=CC(=O)CC[C@@]43C)C1CC[C@@H]2C1N=CC=N1,6.40,intermediate
CHEMBL113448,C[C@]12CCC3C(CCC4=CC(=O)CC[C@@]43C)C1CC=C2c1cc[nH]n1,7.23,active
CHEMBL113647,O=C(OCc1cccnc1)C12CC3CC(CC(C3)C1)C2,6.34,intermediate
CHEMBL113804,C[C@]12CCC3C(CC=C4CC(O)CC[C@@]43C)C1CCC2c1ccno1,6.82,intermediate
CHEMBL113966,C[C@]12CCC3C(CCC4=CC(=O)CC[C@@]43C)C1CC[C@@H]2c1c[nH]cn1,7.24,active
CHEMBL114019,C[C@@H](NC(=O)C12CC3CC(CC(C3)C1)C2)c1ccncc1,6.37,intermediate
CHEMBL114447,O=C(NCc1ccncc1)C12CC3CC(CC(C3)C1)C2,5.80,inactive
CHEMBL114864,C[C@]12CCC3C(CC=C4CC(O)CC[C@@]43C)C1CC=C2c1ccnn1-c1ccccc1,6.82,intermediate
CHEMBL115944,C[C@]12CCC3C(CC=C4CC(O)CC[C@@]43C)C1CCC2c1cc[nH]n1,6.82,intermediate
CHEMBL1170,CCC(=O)O[C@H]1CC[C@H]2[C@@H]3CCC4=CC(=O)CC[C@]4(C)[C@H]3CC[C@]12C,7.25,active
CHEMBL1171987,Nc1cccc(-c2ccc(Cc3ccncc3)cc2)c1,6.65,intermediate
CHEMBL1171991,CC(C)=C(c1ccncc1)c1ccc(-c2ccc(N)c(N)c2)cc1,7.12,active
CHEMBL1172559,CC(C)C(c1ccncc1)c1ccc(-c2cccc(O)c2)cc1,6.11,intermediate
CHEMBL1172779,Oc1ccc(-c2ccc(Cc3ccncc3)cc2)cc1O,7.28,active
CHEMBL1172842,CC(C)=C(c1ccncc1)c1ccc(-c2ccc3cc(O)ccc3c2)cc1,7.21,active
CHEMBL1172847,CC(C)=C(c1ccncc1)c1ccc(-c2ccc(O)c(O)c2)cc1,7.43,active
CHEMBL1172882,Oc1cccc(-c2ccc(Cc3ccncc3)cc2)c1,7.01,active
CHEMBL1172883,CCC(c1ccncc1)c1ccc(-c2cccc(O)c2)cc1,6.72,intermediate
CHEMBL1173259,CC(C)=C(c1ccncc1)c1ccc(-c2cccc(O)c2)cc1,7.25,active
CHEMBL1173260,Oc1ccc(-c2ccc(Cc3ccncc3)cc2)cc1F,6.73,intermediate
CHEMBL1173261,CCC(c1ccncc1)c1ccc(-c2ccc(O)c(F)c2)cc1,6.46,intermediate
CHEMBL1173326,CC(C)=C(c1ccncc1)c1ccc(-c2cccc(N)c2)cc1,7.42,active
CHEMBL1173327,Nc1ccc(-c2ccc(Cc3ccncc3)cc2)cc1N,6.47,intermediate
CHEMBL1173335,CC(C)=C(c1ccncc1)c1ccc(-c2ccc(O)c(F)c2)cc1,7.12,active
CHEMBL1173726,CC(C)=C(c1ccncc1)c1ccc(-c2cccc(NC(=O)OC(C)(C)C)c2)cc1,5.84,inactive
CHEMBL1173727,CC(C)=C(c1ccncc1)c1ccc(-c2ccc(NC(=O)OC(C)(C)C)cc2)cc1,6.31,intermediate
CHEMBL1173795,CC(C)=C(c1ccncc1)c1ccc(-c2ccc(NC(=O)OC(C)(C)C)c(F)c2)cc1,6.07,intermediate
CHEMBL1173796,CC(C)=C(c1ccncc1)c1ccc(-c2ccc(NC(=O)OC(C)(C)C)c(NC(=O)OC(C)(C)C)c2)cc1,5.00,inactive
CHEMBL1214660,Fc1ccc(-c2ccc(Cc3ccncc3)cc2)cc1F,6.22,intermediate
CHEMBL1214661,COc1ccc(-c2ccc(Cc3ccncc3)cc2)cc1F,5.48,inactive
CHEMBL1214662,CC(C)(C)OC(=O)Nc1ccc(-c2ccc(Cc3ccncc3)cc2)cc1,5.86,inactive
CHEMBL1214663,CC(C)(C)OC(=O)Nc1ccc(-c2ccc(Cc3ccncc3)cc2)cc1F,5.00,inactive
CHEMBL1214664,CC(C)(C)OC(=O)Nc1ccc(-c2ccc(Cc3ccncc3)cc2)cc1NC(=O)OC(C)(C)C,5.00,inactive
CHEMBL1214734,COc1ccc(-c2ccc(Cc3ccncc3)cc2)cc1NC(=O)OC(C)(C)C,5.00,inactive
CHEMBL1214735,c1cc(Cc2ccc(-c3ccsc3)cc2)ccn1,6.24,intermediate
CHEMBL1214736,c1csc(-c2ccc(Cc3ccncc3)cc2)c1,6.19,intermediate
CHEMBL1214737,c1cc(Cc2ccc(-c3ccc4[nH]ccc4c3)cc2)ccn1,6.12,intermediate
CHEMBL1214738,COc1ccc2cc(-c3ccc(Cc4ccncc4)cc3)ccc2c1,5.70,inactive
CHEMBL1214739,Oc1ccc2cc(-c3ccc(Cc4ccncc4)cc3)ccc2c1,6.36,intermediate
CHEMBL1215595,CCC(c1ccc(-c2ccc(OC)cc2)cc1)c1cccnc1,5.30,inactive
CHEMBL1215596,CCC(c1ccncc1)c1ccc(-c2ccc(OC)cc2)cc1,5.79,inactive
CHEMBL1215662,Oc1ccc(-c2ccc(C(O)n3ccnc3)cc2)cc1,5.30,inactive
CHEMBL1215663,Oc1ccc(-c2ccc(C(O)c3cccnc3)cc2)cc1,5.39,inactive
CHEMBL1215664,Oc1ccc(-c2ccc(C(O)c3ccncc3)cc2)cc1,6.61,intermediate
CHEMBL1215665,Nc1ccc(-c2ccc(Cc3ccncc3)cc2)cc1,6.39,intermediate
CHEMBL1215729,CC(=O)Nc1ccc(-c2ccc(Cc3ccncc3)cc2)cc1,5.30,inactive
CHEMBL1215730,CC(=O)Nc1cccc(-c2ccc(Cc3ccncc3)cc2)c1,6.06,intermediate
CHEMBL1215731,NC(=O)c1ccc(-c2ccc(Cc3ccncc3)cc2)cc1,5.75,inactive
CHEMBL1215732,Fc1cccc(-c2ccc(Cc3ccncc3)cc2)c1,6.41,intermediate
CHEMBL131984,C[C@@H]1C(OC(=O)Cc2cccnc2)CC2CC1C2(C)C,7.06,active
CHEMBL132066,CC(C(=O)OC1CC2CC([C@@H]1C)C2(C)C)c1cccnc1,7.85,active
CHEMBL132072,C[C@@H]1C(OC(=O)Cc2ccncc2)CC2CC1C2(C)C,8.30,potent
CHEMBL132380,CCC(CC)(C(=O)OC1CC2CC([C@@H]1C)C2(C)C)c1ccncc1,7.46,active
CHEMBL132778,C[C@]12CC[C@H]3[C@@H](CCC4=CC(=O)CC[C@@]43C)[C@@H]1CC=C2c1cccnc1,8.21,potent
CHEMBL132969,C/C(=N/O)C1CC=C2C3CC=C4CC(O)CCC4(C)C3CCC21C,5.60,inactive
CHEMBL133724,CC(C(=O)OC1CC2CC([C@@H]1C)C2(C)C)c1ccncc1,8.22,potent
CHEMBL134169,CC(C)(C(=O)OC12CC3CC(CC(C3)C1)C2)c1cccnc1,7.89,active
CHEMBL134442,C[C@@H]1CCC2C(C)(C)C3CC21CC[C@@]3(C)OC(=O)Cc1ccncc1,7.28,active
CHEMBL134509,CC(C(=O)OC12CC3CC(CC(C3)C1)C2)c1cccnc1,7.46,active
CHEMBL134644,CC12CCC(O)CC1=CCC1C2CCC2(C)C(c3c[nH]cn3)=CCC12,7.40,active
CHEMBL134748,C[C@@H]1C(OC(=O)Cc2ccccn2)CC2CC1C2(C)C,6.00,inactive
CHEMBL135037,O=C(Cc1cccnc1)OC12CC3CC(CC(C3)C1)C2,6.89,intermediate
CHEMBL135070,C[C@@H]1C(OC(=O)C(C)(C)c2ccncc2)CC2CC1C2(C)C,8.00,potent
CHEMBL135095,C[C@@H]1CCC2C(C)(C)C3CC21CC[C@@]3(C)OC(=O)Cc1cccnc1,7.42,active
CHEMBL135288,C/C(=N/O)C1=CC=C2C3CCC4=CC(=O)CCC4(C)C3CCC12C,6.70,intermediate
CHEMBL135351,C/C(=N/O)C1=CCC2C3CCC4=CC(=O)CCC4(C)C3CCC12C,7.00,active
CHEMBL135651,C/C(=N/O)[C@H]1CCC2C3CCC4=CC(=O)CCC4(C)C3CCC21C,5.60,inactive
CHEMBL135772,C/C(CC1CCC2C3CC=C4CC(O)CCC4(C)C3CCC12C)=N\O,5.93,inactive
CHEMBL135993,CC12CCC(=O)C=C1CCC1C2CCC2(C)C(C/C=N/O)CCC12,6.28,intermediate
CHEMBL136897,CC1(C2CCC3C4CC=C5CC(O)CCC5(C)C4CCC32C)NN1,4.60,inactive
CHEMBL136967,C[C@@H](C#N)C1CCC2C3CCC4=CC(=O)CC[C@]4(C)C3CC[C@@]21C,6.12,intermediate
CHEMBL137040,C/C(CC1CCC2C3CCC4=CC(=O)CCC4(C)C3CCC12C)=N\O,5.60,inactive
CHEMBL137063,CC(O)C1CCC2C3CC=C4C[C@@H](O)CC[C@]4(C)C3CC[C@]12C,6.29,intermediate
CHEMBL137415,C[C@@H](C=O)C1CCC2C3CCC4=CC(=O)CC[C@]4(C)C3CC[C@@]21C,6.80,intermediate
CHEMBL137463,C[C@@H](O)C1CCC2C3CCC4=CC(=O)CC[C@]4(C)C3CC[C@@]21C,6.62,intermediate
CHEMBL137507,CN(C=O)C1CCC2C3CCC4=CC(=O)CC[C@]4(C)C3CC[C@@]21C,6.12,intermediate
CHEMBL137616,C[C@]12CCC3C(CC=C4C[C@@H](O)CC[C@@]43C)C1CCC2[C@]1(C)CO1,6.14,intermediate
CHEMBL137622,CC(=O)C1=CCC2C3CC=C4C[C@@H](O)CC[C@]4(C)C3CC[C@]12C,6.31,intermediate
CHEMBL137623,C[C@@H](O)C1CCC2C3CC=C4C[C@@H](O)CC[C@]4(C)C3CC[C@@]21C,6.74,intermediate
CHEMBL137651,C#CC1CCC2C3CC=C4C[C@@H](O)CC[C@]4(C)C3CC[C@]12C,5.45,inactive
CHEMBL138170,C/C(=N\N(C)C)C1=CCC2C3CC=C4C[C@@H](O)CC[C@]4(C)C3CC[C@]12C,4.46,inactive
CHEMBL138272,C/C(=N/O)C1=CCC2C3CC=C4C[C@@H](O)CC[C@]4(C)C3CC[C@]12C,7.80,active
CHEMBL138580,CC12CCC(=O)CC1=CCC1C2CCC2(C)C(CC3CN3)CCC12,5.74,inactive
CHEMBL1397,CC[C@@H]([C@H](C)O)n1ncn(-c2ccc(N3CCN(c4ccc(OC[C@@H]5CO[C@@](Cn6cncn6)(c6ccc(F)cc6F)C5)cc4)CC3)cc2)c1=O,7.38,active
CHEMBL140021,CC1(C2CCC3C4CC=C5CC(O)CCC5(C)C4CCC32C)N=N1,5.60,inactive
CHEMBL1490952,CC1(C)CC(=O)c2c(noc2-c2ccccc2)C1,4.50,inactive
CHEMBL157101,CC(=O)N1CCN(c2ccc(OCC3COC(Cn4ccnc4)(c4ccc(Cl)cc4Cl)O3)cc2)CC1,7.59,active
CHEMBL1682887,COc1ccc2cc([C@](O)(c3c[nH]cn3)C(C)C)ccc2c1,7.55,active
CHEMBL1682888,CC(=O)c1ccc2cc(C(O)(c3c[nH]cn3)C(C)C)ccc2c1,7.55,active
CHEMBL1682889,CC(=O)Nc1ccc2cc(C(O)(c3c[nH]cn3)C(C)C)ccc2c1,7.41,active
CHEMBL1682890,CNC(=O)Nc1ccc2cc(C(O)(c3c[nH]cn3)C(C)C)ccc2c1,7.44,active
CHEMBL1682891,COC(=O)c1ccc2cc(C(O)(c3c[nH]cn3)C(C)C)ccc2c1,7.62,active
CHEMBL1682892,CC(C)C(O)(c1ccc2cc(C(N)=O)ccc2c1)c1c[nH]cn1,7.52,active
CHEMBL1682893,CNC(=O)c1ccc2cc(C(O)(c3c[nH]cn3)C(C)C)ccc2c1,7.80,active
CHEMBL1682894,CCNC(=O)c1ccc2cc(C(O)(c3c[nH]cn3)C(C)C)ccc2c1,7.34,active
CHEMBL1682895,CCCNC(=O)c1ccc2cc(C(O)(c3c[nH]cn3)C(C)C)ccc2c1,7.42,active
CHEMBL1682896,CC(C)NC(=O)c1ccc2cc(C(O)(c3c[nH]cn3)C(C)C)ccc2c1,7.12,active
CHEMBL1682897,CNC(=O)c1ccc2cc(C(O)(c3c[nH]cn3)C(C)C)ccc2c1Cl,6.70,intermediate
CHEMBL1682898,CNC(=O)c1ccc2cc(C(O)(c3c[nH]cn3)C(C)C)ccc2c1C,6.80,intermediate
CHEMBL1682899,CNC(=O)c1cc2ccc(C(O)(c3c[nH]cn3)C(C)C)cc2cc1C,7.41,active
CHEMBL1682900,CC(C)C(O)(c1ccc2c3c(ccc2c1)C(=O)NC3)c1c[nH]cn1,7.82,active
CHEMBL1682901,CC(C)C(O)(c1ccc2c3c(ccc2c1)C(=O)N(C)C3)c1c[nH]cn1,7.66,active
CHEMBL1682902,CC(C)C(O)(c1ccc2cc3c(cc2c1)CNC3=O)c1c[nH]cn1,7.44,active
CHEMBL1682903,CC(C)C(O)(c1ccc2cc3c(cc2c1)CN(C)C3=O)c1c[nH]cn1,7.72,active
CHEMBL1682904,CC(C)[C@](O)(c1ccc2c3c(ccc2c1)C(=O)N(C)C3)c1c[nH]cn1,7.72,active
CHEMBL1682905,CC(C)[C@@](O)(c1ccc2c3c(ccc2c1)C(=O)N(C)C3)c1c[nH]cn1,6.57,intermediate
CHEMBL1761683,CC(=O)O[C@H]1CC[C@@]2(C)C(=CC[C@H]3[C@@H]4CC=C(C(C)=O)[C@@]4(C)CC[C@@H]32)C1,5.77,inactive
CHEMBL1765101,COc1ccc(-c2cccc(C(O)(c3c[nH]cn3)C(C)C)c2)cc1,6.89,intermediate
CHEMBL1766169,CC(C)C(O)(c1cccc(-c2ccccc2)c1)c1c[nH]cn1,7.74,active
CHEMBL1766170,CC(C)C(O)(c1cccc(-c2ccc(F)cc2)c1)c1c[nH]cn1,7.72,active
CHEMBL1766171,CC(C)C(O)(c1cccc(-c2ccc(Cl)cc2)c1)c1c[nH]cn1,7.31,active
CHEMBL1766172,CC(C)C(O)(c1ccc(-c2ccccc2)cc1)c1c[nH]cn1,7.48,active
CHEMBL1766173,COc1ccc(-c2ccc(C(O)(c3c[nH]cn3)C(C)C)cc2)cc1,7.27,active
CHEMBL1766174,CC(C)C(O)(c1ccc(-c2ccc(F)cc2)cc1)c1c[nH]cn1,7.57,active
CHEMBL1766175,CC(C)C(O)(c1ccc(-c2ccc(Cl)cc2)cc1)c1c[nH]cn1,7.55,active
CHEMBL1766176,CC(=O)Nc1cccc(-c2ccc(C(O)(c3c[nH]cn3)C(C)C)cc2)c1,7.62,active
CHEMBL1766177,CC(=O)Nc1ccc(-c2ccc(C(O)(c3c[nH]cn3)C(C)C)cc2)cc1,6.92,intermediate
CHEMBL1766178,CNC(=O)c1cccc(-c2ccc(C(O)(c3c[nH]cn3)C(C)C)cc2)c1,7.36,active
CHEMBL1766179,CNS(=O)(=O)c1cccc(-c2ccc(C(O)(c3c[nH]cn3)C(C)C)cc2)c1,6.80,intermediate
CHEMBL1766180,CNC(=O)Nc1cccc(-c2ccc(C(O)(c3c[nH]cn3)C(C)C)cc2)c1,7.68,active
CHEMBL1766181,CC(C)C(O)(c1ccc(-c2ccccn2)cc1)c1c[nH]cn1,6.82,intermediate
CHEMBL1766182,CC(=O)Nc1cccc(-c2ccc(C(O)(c3c[nH]cn3)C(C)C)cc2)n1,7.44,active
CHEMBL1766183,CC(=O)Nc1cccc(-c2ccc(C(C)(O)c3c[nH]cn3)cc2)c1,7.42,active
CHEMBL1766184,CCC(O)(c1ccc(-c2cccc(NC(C)=O)c2)cc1)c1c[nH]cn1,7.40,active
CHEMBL1766185,CC(=O)Nc1cccc(-c2ccc(C(O)(c3c[nH]cn3)C3CC3)cc2)c1,7.35,active
CHEMBL1766186,CC(=O)Nc1cccc(-c2ccc(C(O)c3c[nH]cn3)cc2)c1,7.11,active
CHEMBL1766187,CC(=O)Nc1cccc(-c2ccc([C@](O)(c3c[nH]cn3)C(C)C)cc2)c1,7.59,active
CHEMBL1766188,CC(=O)Nc1cccc(-c2ccc([C@@](O)(c3c[nH]cn3)C(C)C)cc2)c1,6.47,intermediate
CHEMBL1766189,CC(=O)Nc1cccc(-c2ccc([C@](O)(c3c[nH]cn3)C(C)C)cc2)n1,7.59,active
CHEMBL1766190,CC(=O)Nc1cccc(-c2ccc([C@@](O)(c3c[nH]cn3)C(C)C)cc2)n1,7.04,active
CHEMBL1766191,CC[C@](O)(c1ccc(-c2cccc(NC(C)=O)c2)cc1)c1c[nH]cn1,7.66,active
CHEMBL1766192,CC[C@@](O)(c1ccc(-c2cccc(NC(C)=O)c2)cc1)c1c[nH]cn1,6.62,intermediate
CHEMBL1921975,CNC(=O)c1ccc2cc([C@](O)(c3c[nH]cn3)C(C)C)ccc2c1,8.26,potent
CHEMBL1921976,CNC(=O)c1ccc2cc([C@@]3(O)CCn4cncc43)ccc2c1,7.72,active
CHEMBL1921977,CNC(=O)c1ccc2cc(C3(O)CCn4cncc43)ccc2c1,7.42,active
CHEMBL1921978,CNC(=O)c1ccc2cc(C3(O)c4cncn4CC3(C)C)ccc2c1,7.06,active
CHEMBL1921979,CNC(=O)c1ccc2cc(C3CCn4cncc43)ccc2c1,7.89,active
CHEMBL1921980,CNC(=O)c1ccc2cc(C(C)(O)c3cncn3C)ccc2c1,6.39,intermediate
CHEMBL1921981,NC(=O)c1ccc2cc(C3(O)CCn4cncc43)ccc2c1,7.54,active
CHEMBL1921982,CCNC(=O)c1ccc2cc(C3(O)CCn4cncc43)ccc2c1,6.72,intermediate
CHEMBL1921983,O=C(NC1CC1)c1ccc2cc(C3(O)CCn4cncc43)ccc2c1,6.54,intermediate
CHEMBL1921984,CC(C)NC(=O)c1ccc2cc(C3(O)CCn4cncc43)ccc2c1,6.40,intermediate
CHEMBL1921985,CNC(=O)c1ccc2cc([C@]3(O)CCn4cncc43)ccc2c1,7.32,active
CHEMBL193863,COc1ccc2ccc(-c3cccnc3)cc2c1,6.14,intermediate
CHEMBL196796,N#Cc1ccc2cc(-c3cccnc3)ccc2c1,6.16,intermediate
CHEMBL206283,CC1=C(c2cccnc2)CCc2ccccc21,5.96,inactive
CHEMBL2105738,C[C@]12CC[C@H]3[C@@H](CC=C4C[C@@H](O)CC[C@@]43C)[C@@H]1CC=C2n1cnc2ccccc21,7.55,active
CHEMBL2111947,C[C@]12CC[C@H]3[C@@H](CC=C4C[C@@H](O)CC[C@@]43C)[C@@H]1CC[C@@H]2[C@H]1CN1,6.27,intermediate
CHEMBL2111948,C[C@]12CC[C@H]3[C@@H](CC=C4CC(=O)CC[C@@]43C)[C@@H]1CC[C@@H]2[C@H]1CN1,5.82,inactive
CHEMBL2111950,C[C@]12CC[C@H]3[C@@H](CC=C4C[C@@H](O)CC[C@@]43C)[C@@H]1CC[C@]2(O)[C@@H]1CN1,5.60,inactive
CHEMBL2111951,C[C@]12CC[C@H]3[C@@H](CC=C4C[C@@H](O)CC[C@@]43C)C1=CC[C@@H]2[C@H]1CN1,6.54,intermediate
CHEMBL2112280,C/C(=N/O)C1=CC=C2[C@@H]3CCC4=CC(=O)CC[C@]4(C)[C@H]3CC[C@]12C,5.77,inactive
CHEMBL2112281,C/C(=N/O)[C@@]1(O)CC[C@H]2[C@@H]3CC=C4C[C@@H](O)CC[C@]4(C)[C@H]3CC[C@@]21C,4.92,inactive
CHEMBL2112282,C[C@]12CC[C@H]3[C@@H](CC=C4C[C@H](O)CC[C@@]43C)[C@@H]1CC/C2=C/C=N/O,6.49,intermediate
CHEMBL2112298,C[C@@H](N)[C@H]1CC[C@H]2[C@@H]3CC=C4C[C@@H](O)CC[C@]4(C)[C@H]3CC[C@@]21C,5.10,inactive
CHEMBL2112299,C[C@]12CC[C@H]3[C@@H](CC=C4C[C@@H](O)CC[C@@]43C)[C@@H]1CC=C2c1ccncc1,6.00,intermediate
CHEMBL2112301,C[C@]12CC[C@H]3[C@@H](CC=C4C[C@@H](O)CC[C@@]43C)[C@@H]1CC=C2c1ccccn1,7.12,active
CHEMBL2112517,C[C@]12CC[C@H]3[C@@H](CC=C4C[C@@H](O)CC[C@@]43C)[C@@H]1CC=C2c1cc[nH]n1,7.38,active
CHEMBL2112518,C[C@]12CC[C@H]3[C@@H](CC=C4C[C@@H](O)CC[C@@]43C)[C@@H]1CC[C@@H]2c1c[nH]cn1,7.18,active
CHEMBL2112519,C[C@]12CC[C@H]3[C@@H](CC=C4C[C@@H](O)CC[C@@]43C)[C@@H]1CC1O[C@]12c1c[nH]cn1,6.37,intermediate
CHEMBL2112521,C[C@]12CC[C@H]3[C@@H](CC=C4C[C@@H](O)CC[C@@]43C)[C@@H]1CC=C2c1ccno1,6.97,intermediate
CHEMBL2112522,C[C@]12CC[C@H]3[C@@H](CC=C4C[C@@H](O)CC[C@@]43C)[C@@H]1CC=C2c1ncc[nH]1,7.68,active
CHEMBL2112524,CC(=O)O[C@H]1CC[C@@]2(C)C(=CC[C@H]3[C@@H]4CC[C@H](C5=CNC(C(C)=O)N5)[C@@]4(C)CC[C@@H]32)C1,7.00,active
CHEMBL2112526,C[C@]12CC[C@H]3[C@@H](CC=C4C[C@@H](O)CC[C@@]43C)[C@@H]1CC=C2c1c[nH]cn1,7.62,active
CHEMBL2112528,CC(=O)O[C@H]1CC[C@@]2(C)C(=CC[C@H]3[C@@H]4CC[C@H](c5c[nH]cn5)[C@@]4(C)CC[C@@H]32)C1,6.70,intermediate
CHEMBL2112533,Cc1nc([C@H]2CC[C@H]3[C@@H]4CC=C5C[C@@H](O)CC[C@]5(C)[C@H]4CC[C@]23C)c[nH]1,6.40,intermediate
CHEMBL2112534,CC(=O)O[C@H]1CC[C@@]2(C)C(=CC[C@H]3[C@@H]4CC=C(c5c[nH]cn5)[C@@]4(C)CC[C@@H]32)C1,7.12,active
CHEMBL2112731,C[C@]12CC[C@H]3[C@@H](CC=C4C[C@@H](O)CC[C@@]43C)C1CC/C2=C/C=N\O,7.11,active
CHEMBL2112735,C[C@]12CC[C@H]3[C@@H](CCC4=C[C@@H](O)CC[C@@]43C)C1CC/C2=C/C=N\O,6.74,intermediate
CHEMBL2112737,C/C(=N/O)C1=CCC2[C@@H]3CC=C4C[C@@H](O)CC[C@]4(C)[C@H]3CC[C@]12C,6.77,intermediate
CHEMBL2112746,C/C(=N/O)[C@H]1CC[C@H]2[C@@H]3CC=C4C[C@@H](O)CC[C@]4(C)[C@H]3CC[C@]12C,5.78,inactive
CHEMBL2112747,C/C(=N/O)[C@H]1CC=C2[C@@H]3CC=C4C[C@@H](O)CC[C@]4(C)[C@H]3CC[C@@]21C,6.70,intermediate
CHEMBL2112755,CC(=O)[C@@]1(Br)CC[C@H]2[C@@H]3CC=C4C[C@@H](O)CC[C@]4(C)[C@H]3CC[C@@]21C,6.01,intermediate
CHEMBL2112756,C[C@@H](O)[C@H]1CC[C@H]2[C@@H]3CCC4=CC(=O)CC[C@]4(C)[C@H]3CC[C@@]21C,5.84,inactive
CHEMBL2112757,CC(=O)[C@@]12O[C@@H]1C[C@H]1[C@@H]3CC=C4C[C@@H](O)CC[C@]4(C)[C@H]3CC[C@@]12C,6.36,intermediate
CHEMBL2112758,CN(C=O)[C@H]1CC[C@H]2[C@@H]3CC=C4C[C@@H](O)CC[C@]4(C)[C@H]3CC[C@@]21C,6.55,intermediate
CHEMBL2112759,CC(=O)[C@@]12O[C@@H]1C[C@H]1[C@@H]3CCC4=CC(=O)CC[C@]4(C)[C@H]3CC[C@@]12C,6.32,intermediate
CHEMBL2112761,C[C@H](N)[C@H]1CC[C@H]2[C@@H]3CC=C4C[C@@H](O)CC[C@]4(C)[C@H]3CC[C@]12C,4.36,inactive
CHEMBL2112764,C[C@@H](/C=N/O)[C@H]1CC[C@H]2[C@@H]3CCC4=CC(=O)CC[C@]4(C)[C@H]3CC[C@@]21C,5.22,inactive
CHEMBL2112765,C/C(=N\N)[C@H]1CC[C@H]2[C@@H]3CC=C4C[C@@H](O)CC[C@]4(C)[C@H]3CC[C@]12C,5.31,inactive
CHEMBL2112772,C[C@]12CC[C@H]3[C@@H](CC=C4C[C@@H](O)CC[C@@]43C)[C@@H]1CC[C@@H]2[C@@H]1CN1,5.82,inactive
CHEMBL2112775,C[C@]12CC[C@H]3[C@@H](CC=C4C[C@@H](O)CC[C@@]43C)[C@@H]1CC[C@]2(O)[C@H]1CN1,5.60,inactive
CHEMBL2112777,C[C@]12CC[C@H]3[C@@H](CC=C4CC(=O)CC[C@@]43C)[C@@H]1CC[C@@H]2[C@@H]1CN1,5.60,inactive
CHEMBL2112781,C[C@]12CC[C@H]3[C@@H](CC=C4C[C@@H](O)CC[C@@]43C)[C@@H]1CC[C@@H]2[C@H]1CO1,5.90,inactive
CHEMBL2112782,C[C@]12CC[C@H]3[C@@H](CC=C4C[C@@H](O)CC[C@@]43C)C1=CC[C@@H]2[C@@H]1CN1,6.01,intermediate
CHEMBL2112888,C[C@]12CC[C@H](O)C[C@@H]1CC[C@@H]1[C@@H]2CC[C@@]2(C)[C@H]1C[C@H]1O[C@]12c1cccnc1,6.59,intermediate
CHEMBL2147034,Cc1ccncc1-c1cccc2c1ncn2-c1ccccn1,8.24,potent
CHEMBL2147035,Cc1ccncc1-c1cccc2c1ncn2-c1cnccn1,7.43,active
CHEMBL2147036,Cc1ccncc1-c1cccc2c1ncn2-c1cccc(C(F)(F)F)n1,7.40,active
CHEMBL2147037,Cc1ccncc1-c1cccc2c1ncn2-c1cccc(F)n1,7.96,active
CHEMBL2147038,Cc1ccncc1-c1cccc2c1ncn2-c1ncc(F)cc1F,6.12,intermediate
CHEMBL2147039,Cc1ccncc1-c1cccc2c1ncn2-c1ccncn1,6.18,intermediate
CHEMBL2147040,Cc1ccncc1-c1cccc2c1ncn2-c1ccncc1,6.39,intermediate
CHEMBL2147041,Cc1ccncc1-c1cccc2c1ncn2CC(F)(F)F,7.92,active
CHEMBL2147042,Cc1ccncc1-c1cccc2c1ncn2CC#N,6.48,intermediate
CHEMBL2147043,Cc1ccncc1-c1cccc2c1ncn2C1CC1,6.40,intermediate
CHEMBL2147044,FC(F)(F)Cn1cnc2c(-c3cnccc3Cl)cccc21,6.44,intermediate
CHEMBL2147045,Nc1ncncc1-c1cccc2c1ncn2CC(F)(F)F,6.17,intermediate
CHEMBL2147046,CCOc1ncncc1-c1cccc2c1ncn2CC(F)(F)F,6.87,intermediate
CHEMBL2147047,Nc1ncncc1-c1cccc2c1ncn2-c1ccc(F)cc1F,6.10,intermediate
CHEMBL2163638,CC(C)C(c1cc2c3c(c1)CCN3C(=O)CC2)n1ccnc1,5.81,inactive
CHEMBL2163639,O=C1CCc2cc(C(C3CC3)n3ccnc3)cc3c2N1CC3,5.54,inactive
CHEMBL2163641,C=C(c1cc2c3c(c1)CCN3C(=O)CC2)n1ccnc1,5.30,inactive
CHEMBL2163646,COc1ccc(C(c2cc3c4c(c2)CCN4C(=O)CC3)n2ccnc2)cc1,5.30,inactive
CHEMBL2165313,O=C1CCc2cc(-c3cccnc3)c(O)cc2N1,5.00,inactive
CHEMBL2165314,COc1cc2c(cc1-c1cccnc1)CCC(=O)N2,5.00,inactive
CHEMBL2165315,COc1cc2c(cc1-c1cccnc1)CCC(=O)N2C,5.00,inactive
CHEMBL2165316,CCOc1cc2c(cc1-c1cccnc1)CCC(=O)N2,5.00,inactive
CHEMBL2165317,CCOc1cc2c(cc1-c1cccnc1)CCC(=O)N2C,5.00,inactive
CHEMBL2165318,O=C1CCc2cc(-c3cccnc3)c(OC3CCCC3)cc2N1,5.00,inactive
CHEMBL2165319,CN1C(=O)CCc2cc(-c3cccnc3)c(OC3CCCC3)cc21,5.00,inactive
CHEMBL2165320,O=C1CCc2cc(-c3cccnc3)c(OCc3ccccc3)cc2N1,5.00,inactive
CHEMBL2165321,CN1C(=O)CCc2cc(-c3cccnc3)c(OCc3ccccc3)cc21,5.00,inactive
CHEMBL2165322,O=C1CCc2cc(-c3cccnc3)cc(Br)c2N1,5.00,inactive
CHEMBL2165323,O=C1CCc2cc(-c3cccnc3)cc(-c3ccccc3)c2N1,5.00,inactive
CHEMBL2165324,O=C1CCc2cc(-c3cccnc3)cc(-c3cccnc3)c2N1,5.00,inactive
CHEMBL2165325,O=C1CCc2cc(-c3cccnc3)cc(-c3ccsc3)c2N1,5.00,inactive
CHEMBL2311169,C[C@]12CC[C@H]3[C@@H](CC=C4CCCC[C@@]43C)[C@@H]1CCC2=O,7.82,active
CHEMBL2331699,Cc1nnc2n1-c1c(F)cc(-c3cncc(F)c3)cc1CC2,5.00,inactive
CHEMBL2331704,COC(C)(C)c1cncc(-c2ccc3c(c2)CCc2nnc(C)n2-3)c1,5.00,inactive
CHEMBL2333326,O=c1c2ccccc2oc2c(Cl)ccc(Cn3ccnc3)c12,6.59,intermediate
CHEMBL2333327,O=c1c2ccccc2oc2c(I)ccc(Cn3ccnc3)c12,5.87,inactive
CHEMBL2333328,O=c1c2ccccc2oc2c(-c3ccccc3)ccc(Cn3ccnc3)c12,5.72,inactive
CHEMBL2333329,COc1ccc(Cn2ccnc2)c2c(=O)c3ccccc3oc12,6.21,intermediate
CHEMBL2333330,CCOc1ccc(Cn2ccnc2)c2c(=O)c3ccccc3oc12,5.30,inactive
CHEMBL2333331,CC(C)Oc1ccc(Cn2ccnc2)c2c(=O)c3ccccc3oc12,5.90,inactive
CHEMBL2333332,CC(C)CCOc1ccc(Cn2ccnc2)c2c(=O)c3ccccc3oc12,5.30,inactive
CHEMBL2333333,CCC(C)Oc1ccc(Cn2ccnc2)c2c(=O)c3ccccc3oc12,5.30,inactive
CHEMBL2333334,O=c1c2ccccc2oc2c(OCC3CC3)ccc(Cn3ccnc3)c12,5.30,inactive
CHEMBL2333335,O=c1c2ccccc2oc2c(OC3CCCC3)ccc(Cn3ccnc3)c12,5.30,inactive
CHEMBL2333336,O=c1c2ccccc2oc2c(O)ccc(Cn3ccnc3)c12,6.31,intermediate
CHEMBL2333337,Nc1ccc(Cn2ccnc2)c2c(=O)c3ccccc3oc12,5.76,inactive
CHEMBL2391999,C[C@]12CC[C@H]3[C@@H](CC=C4C[C@@H](OC(=O)c5ccncc5)CC[C@@]43C)[C@@H]1CC=C2n1cnc2ccccc21,3.88,inactive
CHEMBL2392003,C[C@]12CC[C@H]3[C@@H](CC=C4C[C@@H](OC(=O)n5ccnc5)CC[C@@]43C)[C@@H]1CC=C2n1cnc2ccccc21,3.91,inactive
CHEMBL2392004,Cc1nccn1C(=O)O[C@H]1CC[C@@]2(C)C(=CC[C@H]3[C@@H]4CC=C(n5cnc6ccccc65)[C@@]4(C)CC[C@@H]32)C1,4.03,inactive
CHEMBL2392006,C[C@]12CC[C@H]3[C@@H](CC=C4C[C@@H](O)CC[C@@]43C)[C@@H]1CC=C2n1ccnc1,8.10,potent
CHEMBL2392007,C[C@]12CC[C@H]3[C@@H](C=CC4C[C@@H](O)CC[C@@]43C)[C@@H]1CC=C2c1cccnc1,6.69,intermediate
CHEMBL2392008,C[C@]12CC[C@H]3[C@@H](CC=C4C[C@@H](O)CC[C@@]43C)[C@@H]1CC=C2n1ccc2ccccc21,3.89,inactive
CHEMBL2420674,Oc1ccc2ccc(-c3cccnc3)c(Cl)c2c1,7.19,active
CHEMBL2420675,COc1ccc2ccc(-c3cccnc3)c(F)c2c1,6.97,intermediate
CHEMBL2420676,Oc1ccc2ccc(-c3cccnc3)c(F)c2c1,6.28,intermediate
CHEMBL2420677,COc1ccc2ccc(-c3cccnc3)c(Cl)c2c1F,6.83,intermediate
CHEMBL2420678,Oc1ccc2ccc(-c3cccnc3)c(Cl)c2c1F,6.43,intermediate
CHEMBL2420679,COc1ccc2ccc(-c3cncc(F)c3)c(Cl)c2c1,6.34,intermediate
CHEMBL2420680,Oc1ccc2ccc(-c3cncc(F)c3)c(Cl)c2c1,6.28,intermediate
CHEMBL2420681,COc1cncc(-c2ccc3ccc(OC)cc3c2Cl)c1,7.03,active
CHEMBL2420682,COc1cncc(-c2ccc3ccc(O)cc3c2Cl)c1,6.73,intermediate
CHEMBL2420683,COc1ccc2ccc(-c3cncc(O)c3)c(Cl)c2c1,7.96,active
CHEMBL2420684,Oc1cncc(-c2ccc3ccc(O)cc3c2Cl)c1,7.80,active
CHEMBL2420685,COc1ccc2ccc(-c3cncnc3)c(Cl)c2c1,6.20,intermediate
CHEMBL2420686,Oc1ccc2ccc(-c3cncnc3)c(Cl)c2c1,5.82,inactive
CHEMBL2420687,COc1ccc2ccc(-c3cncc4ccccc34)c(Cl)c2c1,6.53,intermediate
CHEMBL2420688,Oc1ccc2ccc(-c3cncc4ccccc34)c(Cl)c2c1,5.99,inactive
CHEMBL2442756,c1ccc(-c2cc(Cn3ccnc3)c3ccc4[nH]ccc4c3n2)cc1,6.04,intermediate
CHEMBL2442757,COc1ccc(-c2cc(Cn3ccnc3)c3ccc4[nH]ccc4c3n2)cc1,6.26,intermediate
CHEMBL2442758,CCn1ccc2c3nc(-c4ccccc4)cc(Cn4ccnc4)c3ccc21,6.32,intermediate
CHEMBL2442759,Cc1cc(Cn2ccnc2)c2ccc3[nH]ccc3c2n1,5.30,inactive
CHEMBL2442760,CCn1ccc2c3c(Cn4ccnc4)cc(-c4ccccc4)nc3ccc21,5.67,inactive
CHEMBL2442761,COc1ccc(-c2cc(Cn3cncn3)c3ccc4[nH]ccc4c3n2)cc1,5.30,inactive
CHEMBL2442762,CCn1ccc2c3c(Cn4cncn4)cc(-c4ccccc4)nc3ccc21,5.30,inactive
CHEMBL254328,C[C@]12CC[C@H]3[C@@H](CC=C4C[C@@H](O)CC[C@@]43C)[C@@H]1CC=C2c1cccnc1,9.00,potent
CHEMBL271227,CC(=O)O[C@H]1CC[C@@]2(C)C(=CC[C@H]3[C@@H]4CC=C(c5cccnc5)[C@@]4(C)CC[C@@H]32)C1,7.77,active
CHEMBL273191,CC(c1ccc(-c2ccsc2)cc1)n1ccnc1,6.02,intermediate
CHEMBL27467,Nc1ccc(C23CC(C2)C(=O)N(C2CCCCC2)C3=O)cc1,3.85,inactive
CHEMBL277535,c1ccc(-c2ccc(C(c3ccccc3)n3ccnc3)cc2)cc1,6.10,intermediate
CHEMBL281947,Nc1ccc(C23CC2C(=O)N(CC2CCCCC2)C3=O)cc1,4.47,inactive
CHEMBL287677,N#Cc1ccc([C@H]2CCCc3cncn32)cc1,4.70,inactive
CHEMBL305896,C[C@]12CCC3C(CC=C4C[C@@H](O)CC[C@@]43C)C1CC[C@H]2c1ccncn1,6.65,intermediate
CHEMBL305941,C[C@]12CCC3C(CC=C4C[C@@H](O)CC[C@@]43C)C1C/C(=N\O)C2,6.20,intermediate
CHEMBL307050,C[C@]12CCC3C(CC=C4C[C@@H](O)CC[C@@]43C)C1CC=C2n1nccn1,5.43,inactive
CHEMBL307160,O=c1c2ccccc2oc2c([N+](=O)[O-])ccc(Cn3ccnc3)c12,6.89,intermediate
CHEMBL307729,C[C@]12CCC3C(CCC4=CC(=O)CC[C@@]43C)C1CC=C2n1cncn1,7.26,active
CHEMBL3084923,CC(C)(C(=O)OC1(C)C2CC3CC(C2)CC1C3)c1cccnc1,7.89,active
CHEMBL3084924,CC1(OC(=O)Cc2cccnc2)C2CC3CC(C2)CC1C3,6.49,intermediate
CHEMBL3085257,C[C@]12CC[C@H]3[C@@H](CC=C4CC(O)CC[C@@]43C)[C@@H]1CC[C@H]2C1CS1,5.74,inactive
CHEMBL309691,C[C@]12CCC3C(CC=C4C[C@@H](O)CC[C@@]43C)C1CC=C2n1cnnn1,5.59,inactive
CHEMBL3099695,N#Cc1ccc([C@H]2CCc3cncn32)c(F)c1,5.40,inactive
CHEMBL310315,C[C@]12CCC3C(CC=C4C=CCC[C@@]43C)C1CC=C2c1cccnc1,8.25,potent
CHEMBL310336,C[C@]12CCC3C(CCC4=CC(=O)CC[C@@]43C)C1CC=C2n1ccnc1,8.15,potent
CHEMBL310662,C[C@]12CCC3c4ccc(O)cc4CCC3C1CC=C2c1cccnc1,8.74,potent
CHEMBL310690,C[C@]12CCC3C(CC=C4C[C@@H](O)CC[C@@]43C)C1CC[C@@H]2c1ccncc1,7.28,active
CHEMBL310822,C[C@]12CCC3C(CC=C4C[C@@H](O)CC[C@@]43C)C1CC=C2n1cncn1,7.05,active
CHEMBL311444,C[C@]12CC(=O)C3C(CCC4=CC(=O)CC[C@@]43C)C1CC=C2c1cccnc1,8.54,potent
CHEMBL3137965,C[C@]12CC[C@H](O)C[C@@H]1CC[C@@H]1[C@@H]2CC[C@]2(C)[C@@H](c3cccnc3)CC[C@@H]12,7.13,active
CHEMBL3137967,C[C@]12CC[C@H]3[C@@H](CC[C@H]4C[C@@H](O)CC[C@@]43C)[C@@H]1CCC2c1cccnc1,8.30,potent
CHEMBL3218783,C[C@]12CC[C@H]3[C@@H](CC=C4C[C@@H](O)CC[C@@]43C)[C@@H]1CC[C@H]2c1ccncc1,7.57,active
CHEMBL324066,C[C@]12CCC3C(CCC4=CC(=O)CC[C@@]43C)C1CC[C@]2(O)c1c[nH]cn1,5.92,inactive
CHEMBL325307,C[C@]12CCC3C(CCC4=CC(=O)CC[C@@]43C)C1CC=C2c1c[nH]cn1,7.30,active
CHEMBL325461,C[C@@H](OC(=O)C12CC3CC(CC(C3)C1)C2)c1cccnc1,6.82,intermediate
CHEMBL325895,Cn1ccc(C2=CCC3C4CC=C5CC(O)CC[C@]5(C)C4CC[C@]23C)n1,6.82,intermediate
CHEMBL3259868,CC(C)C(O)(c1ccc2cc(-c3cccs3)ccc2c1)c1c[nH]nn1,5.40,inactive
CHEMBL3264597,COc1cc2ccc(C(O)(c3cnn[nH]3)C(C)C)cc2cc1OC,6.74,intermediate
CHEMBL3264599,COc1cc2ccc(C(O)(c3cncs3)C(C)C)cc2cc1OC,6.54,intermediate
CHEMBL3264604,COc1cc2ccc(C(O)(c3c[nH]cn3)C(C)C)cc2cc1OC,7.30,active
CHEMBL3264605,CC(C)C(O)(c1ccc2cc(OC(F)F)c(OC(F)F)cc2c1)c1cnn[nH]1,6.77,intermediate
CHEMBL3264606,CC(C)C(O)(c1ccc2cc(OCC(F)(F)F)c(OCC(F)(F)F)cc2c1)c1c[nH]nn1,6.51,intermediate
CHEMBL3264607,CC(C)C(O)(c1ccc2cc(-c3cnco3)ccc2c1)c1cnn[nH]1,6.29,intermediate
CHEMBL3264608,CC(C)C(O)(c1ccc2cc(OC(F)F)ccc2c1)c1c[nH]nn1,7.13,active
CHEMBL3264609,CC(C)C(O)(c1ccc2cc(OCC(F)(F)F)ccc2c1)c1c[nH]nn1,6.24,intermediate
CHEMBL3313969,Cc1ccncc1-c1cc(F)c2c(c1)CCc1nnc(C)n1-2,5.00,inactive
CHEMBL333604,Cn1nccc1C1=CCC2C3CC=C4CC(O)CC[C@]4(C)C3CC[C@]12C,6.82,intermediate
CHEMBL3350336,C[C@]12CC[C@H]3[C@@H](CCC4=CC(=NO)CC[C@@]43C)[C@@H]1CC=C2n1cnc2ccccc21,3.59,inactive
CHEMBL336025,C/C(C#N)=C1/CCC2C3CCC4=CC(=O)CC[C@]4(C)C3CC[C@]12C,6.05,intermediate
CHEMBL336102,CCC(C(=O)OC1CC2CC([C@@H]1C)C2(C)C)c1ccncc1,8.05,potent
CHEMBL336403,CC12CCC(O)CC1=CCC1C2CCC2(C)/C(=C/C=N/O)CCC12,5.60,inactive
CHEMBL337251,C[C@@H]1C(OC(=O)C(C)(C)c2cccnc2)CC2CC1C2(C)C,7.82,active
CHEMBL3415117,C[C@]12CC[C@H]3[C@@H](CC=C4C[C@@H](O)CC[C@@]43C)[C@@H]1CC=C2n1cncn1,7.05,active
CHEMBL3415119,C[C@]12CC[C@H]3[C@@H](CC=C4C[C@@H](O)CC[C@@]43C)[C@@H]1CC=C2n1ccnn1,7.89,active
CHEMBL3415123,C[C@]12CC[C@H]3[C@@H](CCC4=CC(=O)CC[C@@]43C)[C@@H]1CC=C2n1cncn1,7.26,active
CHEMBL3415124,C[C@]12CC[C@H]3[C@@H](CCC4=CC(=O)CC[C@@]43C)[C@@H]1CC=C2n1ccnc1,8.15,potent
CHEMBL3415125,C[C@]12CC[C@H]3[C@@H](CCC4=CC(=O)CC[C@@]43C)[C@@H]1CC=C2n1ccnn1,7.72,active
CHEMBL3415126,C[C@]12CC[C@H]3[C@@H](CC=C4C[C@@H](O)CC[C@@]43C)[C@@H]1CC[C@@H]2n1cncn1,6.66,intermediate
CHEMBL3415127,C[C@]12CC[C@H]3[C@@H](CC=C4C[C@@H](O)CC[C@@]43C)[C@@H]1CC[C@@H]2n1ccnc1,7.21,active
CHEMBL3415152,Fc1cc2c(cc1-c1cccnc1)CCc1nncn1-2,5.00,inactive
CHEMBL3415153,Fc1cc(-c2cccnc2)cc2c1-n1cnnc1CC2,5.00,inactive
CHEMBL3415154,Cc1nnc2n1-c1cc(F)c(-c3cccnc3)cc1CC2,5.00,inactive
CHEMBL3415155,Cc1nnc2n1-c1c(F)cc(-c3cccnc3)cc1CC2,5.00,inactive
CHEMBL3415156,CCc1nnc2n1-c1cc(F)c(-c3cccnc3)cc1CC2,5.00,inactive
CHEMBL3415157,CCc1nnc2n1-c1c(F)cc(-c3cccnc3)cc1CC2,5.00,inactive
CHEMBL3415158,CC(C)c1nnc2n1-c1cc(F)c(-c3cccnc3)cc1CC2,5.00,inactive
CHEMBL3415159,CC(C)c1nnc2n1-c1c(F)cc(-c3cccnc3)cc1CC2,5.00,inactive
CHEMBL3415160,Fc1cc2c(cc1-c1cccnc1)CCc1nnc(-c3ccccc3)n1-2,5.00,inactive
CHEMBL3415161,Fc1cc(-c2cccnc2)cc2c1-n1c(nnc1-c1ccccc1)CC2,5.00,inactive
CHEMBL3415162,Fc1cc2c(cc1-c1cccnc1)CCc1nnc(Cc3ccccc3)n1-2,5.00,inactive
CHEMBL3415163,O=C(c1ccccc1)c1nnc2n1-c1c(F)cc(-c3cccnc3)cc1CC2,5.00,inactive
CHEMBL3415164,Fc1cc2c(cc1-c1cccnc1)CCc1nnc(-c3ccncc3)n1-2,5.00,inactive
CHEMBL3415165,Fc1cc(-c2cccnc2)cc2c1-n1c(nnc1-c1ccncc1)CC2,5.00,inactive
CHEMBL3415166,COc1cncc(-c2cc(F)c3c(c2)CCc2nnc(C)n2-3)c1,5.00,inactive
CHEMBL3415167,Cc1nnc2n1-c1c(F)cc(-c3cncc(C(C)O)c3)cc1CC2,5.00,inactive
CHEMBL3415168,CC(=O)c1cncc(-c2cc(F)c3c(c2)CCc2nnc(C)n2-3)c1,5.00,inactive
CHEMBL3415169,Cc1nnc2n1-c1c(F)cc(-c3cncc(C(F)(F)F)c3)cc1CC2,5.00,inactive
CHEMBL3415170,Cc1nnc2n1-c1c(F)cc(-c3cncc(C#N)c3)cc1CC2,5.00,inactive
CHEMBL3415171,Cc1nnc2n1-c1c(F)cc(-c3cncc(-c4ccccc4)c3)cc1CC2,5.00,inactive
CHEMBL3415172,Cc1nnc2n1-c1c(F)cc(-c3cncc4ccccc34)cc1CC2,5.00,inactive
CHEMBL3415173,Cc1c(F)cncc1-c1cc(F)c2c(c1)CCc1nnc(C)n1-2,5.00,inactive
CHEMBL3415174,Fc1cncc(-c2cc(F)c3c(c2)CCc2nncn2-3)c1,5.00,inactive
CHEMBL3415175,Cc1c(F)cncc1-c1cc(F)c2c(c1)CCc1nncn1-2,5.00,inactive
CHEMBL341564,C[C@]12CCC3C(CC=C4C[C@@H](O)CC[C@@]43C)C1CC/C2=N\N,5.42,inactive
CHEMBL341591,CC12CCC(O)CC1=CCC1C2CCC2(C)C(CC3CN3)CCC12,6.40,intermediate
CHEMBL341984,C/C(=N/O)C1CCC2C3CC=C4C[C@@H](O)CC[C@]4(C)C3CC[C@]12C,6.28,intermediate
CHEMBL344363,C/C(=N/O)[C@H]1CCC2C3CC(=O)C4=CC(=O)CCC4(C)C3CCC21C,5.60,inactive
CHEMBL344668,C[C@]12CCC3C(CC=C4C[C@@H](O)CC[C@@]43C)C1CC/C2=N\O,4.97,inactive
CHEMBL357811,C[C@]12CCC3C(CC=C4C[C@@H](O)CC[C@@]43C)C1CC[C@H]2c1ccncc1,7.57,active
CHEMBL3582472,Fc1cncc(-c2nc3cc(F)c(F)cc3n2C2CC2)c1,5.00,inactive
CHEMBL3582477,CC(C)(O)c1cncc(-c2nc3cc(F)c(F)cc3n2C2CC2)c1,5.00,inactive
CHEMBL3582478,CC(C)(O)c1cncc(-c2nc3ccc(F)cc3n2C2CC2)c1,5.00,inactive
CHEMBL3582481,Cc1c(F)cncc1-c1nc2cc(F)c(F)cc2n1C1CC1,5.00,inactive
CHEMBL3622434,c1ccc(-c2nnc3n2-c2ccc(-c4cccnc4)cc2CC3)cc1,7.08,active
CHEMBL3622437,COC(=O)c1cncc(-c2ccc3c(c2)CCc2nnc(C)n2-3)c1,5.00,inactive
CHEMBL3622445,Cc1nnc2n1-c1ccc(-c3cncc([C@](C)(O)C(F)(F)F)c3)cc1CC2,5.00,inactive
CHEMBL362968,COc1ccc2cc(-c3cccnc3)ccc2c1,6.18,intermediate
CHEMBL363364,C[C@]12CCC3C(CCC4=CC(=O)CC[C@@]43C)C1CC=C2n1nnc2ccccc21,5.24,inactive
CHEMBL3639767,O=C1N(c2ccnc(Cl)c2)CCN1c1cnccc1C1CC1,8.10,potent
CHEMBL365735,c1cncc(-c2ccc3ccccc3c2)c1,5.52,inactive
CHEMBL3662054,Cc1cc(NS(C)(=O)=O)ccc1-c1cnccc1-c1ccccc1,6.98,intermediate
CHEMBL3662055,Cc1ccncc1-c1ccc(NS(C)(=O)=O)cc1OCC(F)F,7.49,active
CHEMBL3662056,Cc1ccncc1-c1ccc(NS(C)(=O)=O)cc1OCC(F)(F)F,7.38,active
CHEMBL3662057,COc1cc(NS(C)(=O)=O)ccc1-c1cncc2ccccc12,8.18,potent
CHEMBL3662058,COc1cc(NS(=O)(=O)c2ccccc2)ccc1-c1cncc2ccccc12,8.54,potent
CHEMBL3662059,COc1cc(NS(=O)(=O)c2cccc3ccccc23)ccc1-c1cncc2ccccc12,7.96,active
CHEMBL3662060,COc1ccc(S(=O)(=O)Nc2ccc(-c3cncc4ccccc34)c(OC)c2)cc1,8.57,potent
CHEMBL3662061,COc1cc(NS(=O)(=O)c2cccc3cccnc23)ccc1-c1cncc2ccccc12,7.57,active
CHEMBL3662062,CCS(=O)(=O)Nc1ccc(-c2cncc3ccccc23)c(OC)c1,8.09,potent
CHEMBL3662063,COc1cc(NS(=O)(=O)c2cn(C)c(C)n2)ccc1-c1cncc2ccccc12,6.93,intermediate
CHEMBL3662064,COc1cc(NS(=O)(=O)C2CC2)ccc1-c1cncc2ccccc12,8.21,potent
CHEMBL3662065,COc1cc(NS(=O)(=O)c2ccccn2)ccc1-c1cncc2ccccc12,8.22,potent
CHEMBL3662066,COc1cc(NS(C)(=O)=O)ccc1-c1cncnc1C,6.95,intermediate
CHEMBL3662067,COc1cc(NS(=O)(=O)C2CC2)ccc1-c1cncnc1C,6.77,intermediate
CHEMBL3662068,CCCS(=O)(=O)Nc1ccc(-c2cncnc2C)c(OC)c1,6.87,intermediate
CHEMBL3662069,COc1cc(NS(=O)(=O)CC(C)C)ccc1-c1cncnc1C,7.00,active
CHEMBL3662070,COc1cc(NS(=O)(=O)c2ccccc2)ccc1-c1cncnc1C,8.27,potent
CHEMBL3662071,COc1cc(NS(=O)(=O)c2cccnc2)ccc1-c1cncnc1C,6.88,intermediate
CHEMBL3666687,COc1cc(NS(=O)(=O)CC(F)(F)F)ccc1-c1cncnc1C,6.80,intermediate
CHEMBL3666688,COc1cc(NS(=O)(=O)Cc2ccccc2)ccc1-c1cncnc1C,8.02,potent
CHEMBL3666689,COc1cc(NS(=O)(=O)CCc2ccccc2)ccc1-c1cncnc1C,6.92,intermediate
CHEMBL3666690,COc1ccc(S(=O)(=O)Nc2ccc(-c3cncnc3C)c(OC)c2)cc1,7.25,active
CHEMBL3666691,COc1cc(NS(=O)(=O)c2ccc(Cl)cc2)ccc1-c1cncnc1C,6.93,intermediate
CHEMBL3666692,COc1cc(NS(=O)(=O)Cc2ccc(Cl)cc2)ccc1-c1cncnc1C,8.47,potent
CHEMBL3666693,COc1cc(NS(=O)(=O)c2ccc3ccccc3c2)ccc1-c1cncnc1C,7.23,active
CHEMBL3666694,COc1cc(NS(=O)(=O)c2cccc3cccnc23)ccc1-c1cncnc1C,6.93,intermediate
CHEMBL3666695,Cc1ccncc1-c1ccc(NS(=O)(=O)C2CC2)cc1OCC(F)(F)F,8.11,potent
CHEMBL3666696,Cc1cc(NS(C)(=O)=O)ccc1-c1cnccc1Cl,7.28,active
CHEMBL3666697,Cc1cc(NS(C)(=O)=O)ccc1-c1cnccc1OCC(F)(F)F,8.85,potent
CHEMBL3666698,COc1cc(NS(C)(=O)=O)ccc1-c1cnccc1C,8.60,potent
CHEMBL3666699,CCc1ncncc1-c1ccc(NS(C)(=O)=O)cc1OC,7.31,active
CHEMBL3666700,COc1cc(NS(C)(=O)=O)ccc1-c1cncnc1C(C)C,6.99,intermediate
CHEMBL3666701,COc1cc(NS(C)(=O)=O)ccc1-c1cncnc1C1CCCCC1,7.00,active
CHEMBL3666702,COc1cc(NS(C)(=O)=O)ccc1-c1cnccc1C1CC1,8.68,potent
CHEMBL3666703,CS(=O)(=O)Nc1ccc(-c2cncc3ccccc23)c(OC(F)(F)F)c1,8.49,potent
CHEMBL3666704,CS(=O)(=O)Nc1ccc(-c2cncc3ccccc23)c(OCC(F)(F)F)c1,7.23,active
CHEMBL3666705,COc1ccncc1-c1ccc(NS(C)(=O)=O)cc1OCC(F)(F)F,7.25,active
CHEMBL3666706,CS(=O)(=O)Nc1ccc(-c2cncc3ccccc23)c(OCCF)c1,7.40,active
CHEMBL3666707,CS(=O)(=O)Nc1ccc(-c2cnccc2Cl)c(OCCF)c1,6.76,intermediate
CHEMBL3666708,CS(=O)(=O)Nc1ccc(-c2cncc3ncccc23)c(OCCF)c1,7.29,active
CHEMBL3666709,Cc1ccncc1-c1ccc(NS(C)(=O)=O)cc1C(F)(F)F,7.59,active
CHEMBL3666710,CS(=O)(=O)Nc1ccc(-c2cncc3ccccc23)c(C(F)(F)F)c1,7.32,active
CHEMBL3666711,CS(=O)(=O)Nc1ccc(-c2cnccc2C2CC2)c(C(F)(F)F)c1,7.41,active
CHEMBL3666712,COc1cc(NS(C)(=O)=O)ccc1-c1cncnc1OC,7.24,active
CHEMBL3666713,COc1cc(NS(C)(=O)=O)ccc1-c1cncn2cccc12,6.92,intermediate
CHEMBL3677924,O=C1N(c2ccnc(C(F)(F)F)c2)CCN1c1cnccc1C1CC1,8.05,potent
CHEMBL3677925,O=C1N(c2ccc3ccccc3c2)CCN1c1cnccc1C1CC1,7.59,active
CHEMBL3677926,O=C1N(c2ccc3sccc3c2)CCN1c1cnccc1C1CC1,7.89,active
CHEMBL3677927,O=C1N(c2cccc(C(F)(F)F)c2)CCN1c1cnccc1C1CC1,8.22,potent
CHEMBL3677928,O=C1N(c2cc3ccccc3s2)CCN1c1cnccc1C1CC1,7.89,active
CHEMBL3677929,Cc1nc(Cl)cc(N2CCN(c3cnccc3C3CC3)C2=O)n1,7.39,active
CHEMBL3677930,O=C1N(c2cc(C(F)(F)F)ccn2)CCN1c1cnccc1C1CC1,7.66,active
CHEMBL3677931,COc1cc(N2CCN(c3cnccc3C3CC3)C2=O)ccn1,7.38,active
CHEMBL3677932,O=C1N(c2cc(Cl)ncn2)CCN1c1cnccc1C1CC1,6.92,intermediate
CHEMBL3677933,O=C1N(c2ccnc(C(F)(F)F)n2)CCN1c1cnccc1C1CC1,7.00,active
CHEMBL3677934,O=C1N(c2ccc3scc(C(F)(F)F)c3c2)CCN1c1cnccc1C1CC1,7.96,active
CHEMBL3677935,O=C1N(c2ccc3sc(F)cc3c2)CCN1c1cnccc1C1CC1,7.59,active
CHEMBL3677936,Cc1csc2ccc(N3CCN(c4cnccc4C4CC4)C3=O)cc12,8.17,potent
CHEMBL3677937,O=C1N(c2ccc3ccsc3c2)CCN1c1cnccc1C1CC1,8.15,potent
CHEMBL3677938,O=C1N(c2ccc3c(c2)OC(F)(F)O3)CCN1c1cnccc1C1CC1,7.24,active
CHEMBL3677939,Cc1csc2cc(N3CCN(c4cnccc4C4CC4)C3=O)ccc12,7.12,active
CHEMBL3677940,Cc1coc2ccc(N3CCN(c4cnccc4C4CC4)C3=O)cc12,8.57,potent
CHEMBL3677941,O=C1N(c2ccc3sc(Cl)cc3c2)CCN1c1cnccc1C1CC1,6.97,intermediate
CHEMBL3677942,O=C1N(c2ccc3c(c2)CCC3)CCN1c1cnccc1C1CC1,7.77,active
CHEMBL3677943,O=C1N(c2cc3cc(F)ccc3s2)CCN1c1cnccc1C1CC1,8.15,potent
CHEMBL3677944,O=C1N(c2ccc3c(C(F)(F)F)csc3c2)CCN1c1cnccc1C1CC1,5.92,inactive
CHEMBL3677945,Cc1c(F)sc2ccc(N3CCN(c4cnccc4C4CC4)C3=O)cc12,7.72,active
CHEMBL3677946,O=C1N(c2ccc3cc(F)sc3c2)CCN1c1cnccc1C1CC1,7.52,active
CHEMBL3677947,O=C1N(c2cc(F)c3ccsc3c2)CCN1c1cnccc1C1CC1,8.22,potent
CHEMBL3677948,O=C1N(c2cc3sccc3cc2F)CCN1c1cnccc1C1CC1,6.34,intermediate
CHEMBL3677949,O=C1N(c2cc3ccsc3cc2F)CCN1c1cnccc1C1CC1,6.26,intermediate
CHEMBL3677950,O=C1N(c2cnccc2C2CC2)[C@H]2C[C@H]2N1c1ccnc(Cl)c1,6.79,intermediate
CHEMBL3677951,O=C1N(c2ccnc(Cl)c2)[C@H]2C[C@H]2N1c1cnccc1C1CC1,8.22,potent
CHEMBL3677952,COc1cc(N2C(=O)N(c3cnccc3C3CC3)[C@H]3C[C@H]32)ccn1,6.77,intermediate
CHEMBL3677953,COc1cc(N2C(=O)N(c3cnccc3C3CC3)[C@@H]3C[C@@H]32)ccn1,7.92,active
CHEMBL3677954,O=C1N(c2cnccc2C2CC2)[C@H]2C[C@H]2N1c1ccnc(C(F)(F)F)c1,6.74,intermediate
CHEMBL3677955,O=C1N(c2ccnc(C(F)(F)F)c2)[C@H]2C[C@H]2N1c1cnccc1C1CC1,8.16,potent
CHEMBL3677956,O=C1N(c2ccnc(Cl)c2)CCN1c1cnccc1C1(O)CCC1,7.35,active
CHEMBL3677957,O=C1N(c2ccnc(Cl)c2)CCN1c1cnccc1C1CCCC1,7.89,active
CHEMBL3677958,O=C1N(c2ccnc(Cl)c2)CCN1c1cnccc1C1(O)CCCC1,6.47,intermediate
CHEMBL3677959,O=C1N(c2cccc(C(F)(F)F)c2)CCN1c1cnccc1C1(O)CC1,7.57,active
CHEMBL3677960,O=C1N(c2cc(Cl)nc(C(F)(F)F)c2)CCN1c1cnccc1C1CC1,8.30,potent
CHEMBL3677961,O=C1N(c2cc(C3CC3)ncn2)CCN1c1cnccc1C1CC1,7.32,active
CHEMBL3677962,O=C1N(c2ccnc(C3CC3)c2)CCN1c1cnccc1C1CC1,7.92,active
CHEMBL3677963,COc1cc(N2CCN(c3cnccc3C3CC3)C2=O)ncn1,7.08,active
CHEMBL3677964,Cc1cc(N2CCN(c3cnccc3C3CC3)C2=O)ncn1,7.15,active
CHEMBL3677965,Cc1cc(N2CCN(c3cnccc3C3CC3)C2=O)ncc1F,7.66,active
CHEMBL3677966,O=C1N(c2ccnc(C3CC3)n2)CCN1c1cnccc1C1CC1,7.44,active
CHEMBL3677967,Cc1nccc(N2CCN(c3cnccc3C3CC3)C2=O)n1,6.40,intermediate
CHEMBL3677968,O=C1N(c2cc(Cl)nc(C(F)(F)F)n2)CCN1c1cnccc1C1CC1,8.00,potent
CHEMBL3677969,O=C1N(c2cc(Cl)nc(Cl)c2)CCN1c1cnccc1C1CC1,8.72,potent
CHEMBL3677970,O=C1N(c2cc(Cl)nc(C3CC3)c2)CCN1c1cnccc1C1CC1,8.28,potent
CHEMBL3677971,O=C1N(c2cc(C3CC3)nc(C(F)(F)F)c2)CCN1c1cnccc1C1CC1,8.32,potent
CHEMBL3677972,O=C1N(c2cc(C(F)(F)F)nc(C(F)(F)F)c2)CCN1c1cnccc1C1CC1,8.22,potent
CHEMBL3682505,CC(C)C(c1ccc2cc(OCC(F)(F)F)ccc2c1)n1ncnn1,6.34,intermediate
CHEMBL3682506,COc1cc2ccc(C(C(C)C)n3ncnn3)cc2cc1OC,6.57,intermediate
CHEMBL3682507,CC(C)C(c1ccc2cc(OC(F)F)ccc2c1)n1ncnn1,6.68,intermediate
CHEMBL3682508,CC(C)C(O)c1ccc2cc(OCC(F)(F)F)ccc2c1,6.40,intermediate
CHEMBL3689756,COc1cc2cnc(C(O)(c3cnn[nH]3)C(C)C)cc2cc1OC,6.02,intermediate
CHEMBL3696099,Cc1ccncc1-c1cccc2c(-c3ccccc3)noc12,8.96,potent
CHEMBL3696100,Cc1ncncc1-c1cccc2c(-c3ccccc3)noc12,6.45,intermediate
CHEMBL3696101,Cc1ccncc1-c1cccc2c(-c3ccc(F)cc3)noc12,8.49,potent
CHEMBL3696102,Fc1ccc(-c2noc3c(-c4cncn5cccc45)cccc23)cc1,6.72,intermediate
CHEMBL3696103,FC(F)(F)COc1ncncc1-c1cccc2c(-c3cnccn3)noc12,7.19,active
CHEMBL3696104,Clc1ccncc1-c1cccc2c(C3CC3)noc12,7.32,active
CHEMBL3696105,Clc1ccccc1-c1noc2c(-c3cncnc3-n3cncn3)cccc12,7.38,active
CHEMBL3696106,Clc1ccccc1-c1noc2c(-c3cncnc3-n3nccn3)cccc12,6.28,intermediate
CHEMBL3696107,COCCOc1noc2c(-c3cnccc3C)cccc12,6.28,intermediate
CHEMBL3696108,Cc1ccncc1-c1ccnc2c(-c3ccc(F)cc3)noc12,8.41,potent
CHEMBL3696109,Cc1ccncc1-c1ccnc2c(-c3nccs3)csc12,7.12,active
CHEMBL3696110,Cc1ncncc1-c1ccnc2c(-c3ccc(F)cc3)csc12,8.10,potent
CHEMBL3696111,Fc1ccc(-c2csc3c(-c4cncnc4C4CC4)ccnc23)cc1,8.40,potent
CHEMBL3696112,Nc1ncncc1-c1ccnc2c(-c3ccc(F)cc3Cl)csc12,8.40,potent
CHEMBL3696113,Fc1ccc(-c2csc3c(-c4cncc5ccccc45)cccc23)cc1,7.25,active
CHEMBL3696114,Cc1ccncc1-c1cccc2c(OCc3ccc4ccccc4c3)noc12,6.21,intermediate
CHEMBL3696115,Cc1ccncc1-c1cccc2c(OCc3ccc(Cl)cc3)noc12,6.60,intermediate
CHEMBL3696116,COc1ccc(COc2noc3c(-c4cnccc4C)cccc23)cc1,7.10,active
CHEMBL371430,COc1ccc2ccc(-c3cccnc3)c(Cl)c2c1,7.57,active
CHEMBL3780048,Cc1ccncc1-c1cccc2c1cnn2-c1cscn1,8.30,potent
CHEMBL3780226,Cc1ccncc1-c1cccc2c1cnn2-c1cnccn1,8.30,potent
CHEMBL3780266,Cc1ccncc1-c1cccc2c1cnn2-c1nccs1,8.40,potent
CHEMBL3780658,Cc1ccncc1-c1cccc2c1cnn2-c1cccnn1,8.52,potent
CHEMBL3780743,Cc1ccncc1-c1cccc2c1cnn2-c1ccccc1,8.40,potent
CHEMBL3780847,C[C@]12CCC3[C@@H](CC=C4C[C@@H](O)CC[C@@]43C)C1CC=C2c1cccnc1,7.68,active
CHEMBL3781112,Cc1ccncc1-c1cccc2c1cnn2-c1ccc(F)cc1,8.30,potent
CHEMBL3781487,Cc1ccncc1-c1cccc2c1ncn2-c1nccs1,8.10,potent
CHEMBL3781910,Cc1ccncc1-c1cccc2c1ncn2-c1cscn1,8.10,potent
CHEMBL3782020,Cc1ccncc1-c1cccc2c1cnn2-c1ccccn1,8.70,potent
CHEMBL3793091,O=c1c(Cc2ccncc2)coc2cc(F)ccc12,5.18,inactive
CHEMBL3793530,COc1ccc2c(=O)c(Cc3c[nH]cn3)coc2c1,5.00,inactive
CHEMBL3793576,O=c1c(Cc2c[nH]cn2)coc2cc(F)ccc12,5.00,inactive
CHEMBL3794417,O=c1cc(Cc2ccncc2)oc2cc(F)ccc12,5.00,inactive
CHEMBL3794430,O=c1c(Cc2ccncc2)coc2ccccc12,5.32,inactive
CHEMBL381014,COc1ccc2c(Cl)c(-c3cccnc3)ccc2c1Cl,6.63,intermediate
CHEMBL3889967,C[C@]12CC[C@H]3[C@@H](CC(F)[C@]4(O)C[C@@H](O)CC[C@]34C)[C@@H]1CC=C2c1cccnc1,7.96,potent
CHEMBL3889969,CN1CC[C@@]2(C)C(=CC1=O)CC[C@H]1C3=CC=C(c4cccnc4)[C@@]3(C)CC[C@@H]12,7.96,potent
CHEMBL3891132,C[C@]12CC[C@H]3[C@@H](C=CC4=CC(=O)CC[C@@]43C)C1=CC=C2c1cccnc1,8.00,potent
CHEMBL3891718,Cn1ccnc1S(=O)(=O)N1CCN(c2ccc(OC[C@@H]3CO[C@@](Cn4ccnc4)(c4ccc(Cl)cc4Cl)O3)cc2)CC1,7.82,active
CHEMBL3891747,C[C@]12CC[C@H]3[C@@H](CC4(CC4)C4=CC(=O)CC[C@@]43C)C1=CC=C2c1cccnc1,8.00,potent
CHEMBL3891870,C[C@]12CC[C@H]3[C@@H](CC4(CC4)C4=CC(=O)NCC[C@@]43C)[C@@H]1CC=C2c1cccnc1,8.00,potent
CHEMBL3892696,Fc1ccc(-n2ncc3c(-c4cncc5ccccc45)ccnc32)cc1,6.89,intermediate
CHEMBL3893010,COC(=O)N[C@@H]1CC[C@@]2(C)C(=CC[C@H]3[C@@H]4CC=C(n5ccnc5)[C@@]4(C)CC[C@@H]32)C1,7.96,potent
CHEMBL3893277,CO/N=C1/C=C2CC[C@H]3C4=CC=C(c5cccnc5)[C@@]4(C)CC[C@@H]3[C@@]2(C)CC1,7.96,potent
CHEMBL3893307,C[C@]12CC[C@H]3[C@@H](CC=C4CC(=O)CCC[C@@]43C)[C@@H]1CC=C2n1ccnc1,7.96,potent
CHEMBL3893647,C[C@]12CC[C@H]3[C@@H](CC=C4C[C@@H](O)CC[C@@]43C)[C@@H]1CC=C2c1cncc(Cl)c1,7.96,potent
CHEMBL3893669,CC1C[C@H]2C3=CC=C(c4cncc(F)c4)[C@@]3(C)CC[C@@H]2[C@@]2(C)CCN(C)C(=O)C=C12,7.00,intermediate
CHEMBL3893796,Fc1ccc(-n2ncc3c(-c4cncc5ncccc45)ccnc32)cc1,7.39,active
CHEMBL3894912,CC(C)S(=O)(=O)N1CCN(c2ccc(OC[C@@H]3CO[C@@](Cn4ccnc4)(c4ccc(Cl)cc4Cl)O3)cc2)CC1,7.92,active
CHEMBL3896024,C[C@]12CC[C@H]3[C@@H](CC=C4CCC(=O)CC[C@@]43C)[C@@H]1CC=C2n1ccnc1,7.96,potent
CHEMBL3896070,C[C@]12CC[C@H]3[C@@H](CC[C@H]4CC(=O)NCC[C@@]43C)[C@@H]1CC=C2n1ccnc1,7.96,potent
CHEMBL3896576,C[C@]12CC[C@H]3[C@@H](CCC4=CC(=O)CC[C@@]43C)C1=CC=C2c1cccnc1,7.96,potent
CHEMBL3896727,CC1C[C@H]2[C@@H]3CC=C(c4cccnc4)[C@@]3(C)CC[C@@H]2[C@@]2(C)CC[C@H](O)CC12O,7.96,potent
CHEMBL3897253,Cc1cncc(C2=CC[C@H]3[C@@H]4CCN5C(=O)CCCC[C@]5(C)[C@H]4CC[C@]23C)c1,7.96,potent
CHEMBL3897281,CN1CC[C@@]2(C)C(=CC1=O)CC[C@H]1C3=CC=C(c4cnccn4)[C@@]3(C)CC[C@@H]12,7.96,potent
CHEMBL3898110,C[C@]12CC[C@@H]3C4CCC(F)(F)CC4CC[C@@]3(C)[C@@H]1CC=C2n1ccnc1,7.96,potent
CHEMBL3899513,C[C@]12CC[C@H]3[C@@H](CC(=O)C4CC(=O)CC[C@@]43C)[C@@H]1CC=C2c1cncc(F)c1,7.96,potent
CHEMBL3899573,Cc1ccncc1-c1ccnn2c(-c3ccc(F)cc3)cnc12,7.25,active
CHEMBL3899790,C[C@]12CC[C@H]3[C@@H](CCC4=CC(=O)NCC[C@@]43C)C1=CC=C2c1cncc(F)c1,7.82,active
CHEMBL3899979,Cc1ccncc1C1=CC=C2[C@@H]3CC=C4C[C@@H](O)CC[C@]4(C)[C@H]3CC[C@]12C,7.82,active
CHEMBL3900011,CN1C(=O)C[C@@]2(C)C1=CC[C@H]1[C@@H]3CC=C(c4cccnc4)[C@@]3(C)CC[C@@H]12,7.96,potent
CHEMBL3900855,C=Cc1cncc(C2=CC[C@H]3[C@@H]4CCN5C(=O)CCCC[C@]5(C)[C@H]4CC[C@]23C)c1,7.96,potent
CHEMBL3901395,CN1CC[C@@]2(C)C(=CC1=O)CC[C@H]1C3=CC=C(c4cncc(F)c4)[C@@]3(C)CC[C@@H]12,7.00,intermediate
CHEMBL3901677,C[C@]12CC[C@H]3[C@@H](CC[C@H]4CC(=O)CC[C@@]43C)C1=CC=C2c1cccnc1,7.96,potent
CHEMBL3902061,CC(=O)c1ccccc1-c1cnc2c(-c3cnccc3C)ccnn12,7.80,active
CHEMBL3902101,Cc1cc(C)cc(-c2cnc3c(-c4cnccc4C)ccnn23)c1,6.55,intermediate
CHEMBL3902750,Cn1cncc1-c1ccnc2c1cnn2-c1ccc(F)cc1,7.30,active
CHEMBL3902840,CC(=O)N[C@@H]1CC[C@@]2(C)C(=CC[C@H]3[C@@H]4CC=C(c5cncc(F)c5)[C@@]4(C)CC[C@@H]32)C1,7.96,potent
CHEMBL3903145,COc1cncc(C2=CC[C@H]3[C@@H]4CC=C5C[C@H](NC(=O)C6CC6)CC[C@]5(C)[C@H]4CC[C@]23C)c1,7.96,potent
CHEMBL3903639,C[C@]12CC[C@H]3[C@@H](CC[C@H]4COC(=O)CC[C@]34C)[C@@H]1CC=C2c1cccnc1,7.96,potent
CHEMBL3903809,C[C@]12CC[C@H]3[C@@H](C=CC4=CC(=O)CC[C@@]43C)[C@@H]1CC=C2c1cccnc1,7.00,intermediate
CHEMBL3903867,C[C@]12CC[C@H]3[C@@H](CC4(CC4)C4=CC(=O)CC[C@@]43C)[C@@H]1CC=C2c1cccnc1,8.00,potent
CHEMBL3904216,CCCC(=O)N[C@@H]1CC[C@@]2(C)C(=CC[C@H]3[C@@H]4CC=C(c5cccnc5)[C@@]4(C)CC[C@@H]32)C1,7.96,potent
CHEMBL3904331,CN1C(=O)COC[C@@]2(C)C1CC[C@H]1[C@@H]3CC=C(c4cccnc4)[C@@]3(C)CC[C@@H]12,7.96,potent
CHEMBL3904373,C[C@]12CC[C@H]3[C@@H](CC[C@H]4CC(O)C[C@@]43C)[C@@H]1CC=C2n1ccnc1,7.96,potent
CHEMBL3904390,CC(=O)N[C@@H]1CC[C@@]2(C)C(=CC[C@H]3[C@@H]4CC=C(c5cccnc5)[C@@]4(C)CC[C@@H]32)C1,7.96,potent
CHEMBL3904451,C[C@]1(O)CC[C@@]2(C)C(CC[C@H]3C4=CC=C(c5cccnc5)[C@@]4(C)CC[C@@H]32)C1,7.96,potent
CHEMBL3904457,CN(C)CC(=O)O[C@H]1CC[C@@]2(C)C(=CC[C@H]3C4=CC=C(c5cccnc5)[C@@]4(C)CC[C@@H]32)C1,7.82,active
CHEMBL3905372,CC1=C2CC[C@H]3C4=CC=C(c5cccnc5)[C@@]4(C)CC[C@@H]3[C@@]2(C)CCC1=O,7.00,intermediate
CHEMBL3905483,C[C@]12CC[C@H]3[C@@H](CCC4=CC(=O)NCC[C@@]43C)[C@@H]1CCC2n1ccnc1,7.96,potent
CHEMBL3905604,C=C1C[C@@H]2[C@H](CC[C@]3(C)C(c4cccnc4)=CC[C@@H]23)[C@@]2(C)C=CC(=O)C=C12,8.00,potent
CHEMBL390569,COc1ccc2c(c1)CCC(Cc1cnc[nH]1)=C2C,6.96,intermediate
CHEMBL3905864,C[C@]12CC[C@H]3[C@@H](CC(F)C4(O)CC(=O)CC[C@]34C)[C@@H]1CC=C2c1cncc(F)c1,7.96,potent
CHEMBL3906470,CCCOc1cncc(C2=CC[C@H]3[C@@H]4CCN5C(=O)CCCC[C@]5(C)[C@H]4CC[C@]23C)c1,7.96,potent
CHEMBL3906548,C[C@]12CC[C@H]3[C@@H](CC4CC45C[C@@H](O)CC[C@]35C)[C@@H]1CC=C2c1cccnc1,7.96,potent
CHEMBL3907455,C[C@]12CC[C@H]3[C@@H](CC=C4C[C@H](NC(=O)C5CCC5)CC[C@@]43C)[C@@H]1CC=C2n1ccnc1,7.96,potent
CHEMBL3908291,C[C@]12CC[C@H]3[C@@H](CC[C@H]4CCCCC[C@]34C)[C@@H]1CC=C2n1ccnc1,7.96,potent
CHEMBL3908531,Cc1ccncc1-c1ccnn2c(-c3cccc(Cl)c3)cnc12,7.01,active
CHEMBL3910264,C[C@]12CC[C@H]3[C@@H](CC=C4C[C@H](O)CC[C@@]43C)C1=CC=C2c1cccnc1,7.96,potent
CHEMBL3911633,COc1cncc(C2=CC[C@H]3[C@@H]4CCC5=CC(=O)N(C)CC[C@]5(C)[C@H]4CC[C@]23C)c1,7.96,potent
CHEMBL3911933,CC(=O)O[C@H]1CC[C@@]2(C)[C@@H](CC[C@H]3[C@@H]4CC=C(n5ccnn5)[C@@]4(C)CC[C@@H]32)C1,7.96,potent
CHEMBL3912639,CC1C[C@H]2C3=CC=C(c4cncc(F)c4)[C@@]3(C)CC[C@@H]2[C@@]2(C)CCC(=O)C=C12,8.00,potent
CHEMBL3913451,C[C@]12CC[C@H]3[C@@H](CC4(CC4)C4=C/C(=N/O)CC[C@@]43C)[C@@H]1CC=C2c1cccnc1,7.00,intermediate
CHEMBL3913908,CCS(=O)(=O)N1CCN(c2ccc(OC[C@@H]3CO[C@@](Cn4ccnc4)(c4ccc(Cl)cc4Cl)O3)cc2)CC1,9.14,potent
CHEMBL3914206,CN1CC[C@@]2(C)C(=CC1=O)C1CC1[C@H]1C3=CC=C(c4cccnc4)[C@@]3(C)CC[C@@H]12,8.00,potent
CHEMBL3914413,COc1cncc(C2=CC[C@H]3[C@@H]4CC=C5N(C)C(=O)C[C@]5(C)[C@H]4CC[C@]23C)c1,7.96,potent
CHEMBL3915201,C[C@]12CC[C@H]3[C@@H](CC(=O)C4CCCC[C@@]43C)[C@@H]1CC=C2n1ccnc1,7.96,potent
CHEMBL3915531,C[C@]12CC[C@H]3[C@@H](CC(O)C4CCCC[C@@]43C)[C@@H]1CC=C2n1ccnc1,7.96,potent
CHEMBL3916537,Fc1ccc(-c2cnc3c(-c4cccnc4)ccnn23)cc1,6.28,intermediate
CHEMBL3917384,C[C@]12CC[C@H]3[C@@H](CCC45CC4C(O)CC[C@]35C)[C@@H]1CC=C2c1cccnc1,7.96,potent
CHEMBL3917652,C[C@]12CC[C@H]3[C@@H](CC=C4C[C@H](NC(=O)C5CC5)CC[C@@]43C)[C@@H]1CC=C2n1ccnc1,7.96,potent
CHEMBL3917734,Cc1ccncc1-c1cccc2c1ncn2-c1cccnn1,6.60,intermediate
CHEMBL3917830,C[C@]12CC[C@H]3[C@@H](CC=C4C[C@@H](O)CC[C@@]43C)[C@@H]1CC=C2c1cncc(N)c1,7.96,potent
CHEMBL3918878,CN1CC=C2CC[C@H]3[C@@H]4CC=C(c5cccnc5)[C@@]4(C)CC[C@@H]3[C@@]2(C)CC1,7.96,potent
CHEMBL3919452,C=C1C[C@H]2C3=CC=C(c4cccnc4)[C@@]3(C)CC[C@@H]2[C@@]2(C)C=CC(=O)C=C12,8.00,potent
CHEMBL3919759,CCc1c(F)cncc1-c1nc2ccc(F)cn2c1C1CC1,5.24,inactive
CHEMBL3919772,COc1cncc(C2=CC=C3[C@@H]4CCC5=CC(=O)NCC[C@]5(C)[C@H]4CC[C@]23C)c1,7.96,potent
CHEMBL3919907,CC1C[C@H]2C3=CC=C(c4cncc(F)c4)[C@@]3(C)CC[C@@H]2[C@@]2(C)CCNC(=O)C=C12,8.00,potent
CHEMBL3920267,C[C@]12CC[C@H]3[C@@H](C4CC4C4=CC(=O)CC[C@@]43C)[C@@H]1CC=C2c1cccnc1,7.00,intermediate
CHEMBL3920290,C[C@]12CC[C@H]3[C@@H](CC(F)C4(O)CC(=O)CC[C@]34C)[C@@H]1CC=C2c1cccnc1,7.96,potent
CHEMBL3920343,CCCOc1cncc(C2=CC[C@H]3[C@@H]4CCC5=CC(=O)NCC[C@]5(C)[C@H]4CC[C@]23C)c1,7.96,potent
CHEMBL3921360,CCc1cncc(C2=CC[C@H]3[C@@H]4CCC5=CC(=O)NCC[C@]5(C)[C@H]4CC[C@]23C)c1,7.96,potent
CHEMBL3922014,CCC(=O)N1CCC[C@@]2(C)C(CC[C@H]3[C@@H]4CC=C(c5cccnc5)[C@@]4(C)CC[C@@H]32)C1,7.96,potent
CHEMBL3922828,C[C@]12CC[C@H]3[C@@H](C=CC4=C(O)C(=O)CC[C@@]43C)C1=CC=C2c1cccnc1,7.00,intermediate
CHEMBL3922888,O=S(=O)(C1CC1)N1CCN(c2ccc(OC[C@@H]3CO[C@@](Cn4ccnc4)(c4ccc(Cl)cc4Cl)O3)cc2)CC1,8.43,potent
CHEMBL3923127,C[C@](O)(c1cncc(-c2nc3ccc(F)cn3c2C2CC2)c1)C(F)(F)F,5.00,inactive
CHEMBL3924257,Cc1c(F)cncc1-c1nc2ccc(F)cn2c1C1CC1,5.00,inactive
CHEMBL3924728,CCC(=O)N1CCC2CC[C@H]3[C@@H]4CC=C(c5cccnc5)[C@@]4(C)CC[C@@H]3[C@@]2(C)CC1,7.96,potent
CHEMBL3925996,Fc1ccc(-n2ncc3c(-c4cncn5cccc45)ccnc32)c(F)c1,7.12,active
CHEMBL3926463,C[C@]12CC[C@H]3[C@@H](CC=C4C[C@@H](O)CC[C@@]43C)C1=CC=C2c1cncc(F)c1,7.96,potent
CHEMBL3926509,C[C@]12CC[C@H]3[C@@H](CCC4=CC(=O)CC[C@@]43C)[C@@H]1CC=C2c1cnccn1,7.00,intermediate
CHEMBL3926933,CN1CC[C@@]2(C)C(=CC1=O)CC[C@H]1[C@@H]3CC=C(c4cccnc4)[C@@]3(C)CC[C@@H]12,7.96,potent
CHEMBL3926991,CC1C[C@H]2[C@@H]3CCC(c4cccnc4)[C@@]3(C)CC[C@@H]2[C@@]2(C)CCNC(=O)C=C12,8.00,potent
CHEMBL3927075,CC1C[C@H]2[C@@H]3CCC(c4cccnc4)[C@@]3(C)CC[C@@H]2[C@@]2(C)CCC(=O)C=C12,8.00,potent
CHEMBL3927194,CC1C[C@H]2[C@@H]3CC=C(c4ccncc4)[C@@]3(C)CC[C@@H]2[C@@]2(C)CCNC(=O)C=C12,8.00,potent
CHEMBL3927378,Cc1cn(C2=CC[C@H]3[C@@H]4CCC5=CC(=O)NCC[C@]5(C)[C@H]4CC[C@]23C)cn1,7.96,potent
CHEMBL3927545,C[C@]12CC[C@H]3[C@@H](CC[C@H]4CCOCC[C@@]43C)[C@@H]1CC=C2c1cccnc1,7.96,potent
CHEMBL3927990,C[C@]12CC[C@H]3[C@@H](CC[C@H]4CC(=O)NCC[C@@]43C)C1=CC=C2c1cccnc1,7.96,potent
CHEMBL3928070,C[C@]12CC[C@H]3[C@@H](CC[C@H]4CC(=O)CC[C@@]43C)C1=CC=C2n1ccnc1,7.96,potent
CHEMBL3928725,C[C@]12CC[C@H]3[C@@H](CC(F)[C@@]4(O)C[C@@H](O)CC[C@]34C)[C@@H]1CC=C2c1cccnc1,7.96,potent
CHEMBL3929550,CC1C[C@@H]2[C@H](CC[C@]3(C)C(c4cncc(F)c4)=CC[C@@H]23)[C@@]2(C)C=CC(=O)C=C12,8.00,potent
CHEMBL3930071,C[C@]12CC[C@H]3[C@@H](CCC4=CC(=O)NCC[C@@]43C)C1=CC=C2c1cccnc1,7.96,potent
CHEMBL3931318,Cc1cncc(C2=CC[C@H]3[C@@H]4CC(=O)C5CCCC[C@]5(C)[C@H]4CC[C@]23C)c1,7.96,potent
CHEMBL3931379,Cn1cncc1-c1ccnc2c1cnn2-c1cccc(S(N)(=O)=O)c1,6.57,intermediate
CHEMBL3931417,Cc1cncc(C2=CC[C@H]3[C@@H]4CC[C@H]5CCOCC[C@]5(C)[C@H]4CC[C@]23C)c1,7.96,potent
CHEMBL3931836,O=S(=O)(C1CCOCC1)N1CCN(c2ccc(OC[C@@H]3CO[C@@](Cn4ccnc4)(c4ccc(Cl)cc4Cl)O3)cc2)CC1,7.96,active
CHEMBL3931893,C[C@]12CC[C@H]3[C@@H](CC=C4C[C@@H](O)CC[C@@]43C)C1=CC=C2c1cccnc1,7.96,potent
CHEMBL3932281,C[C@]12CC[C@H]3[C@@H](CCC4=CC(=O)NCC[C@@]43C)[C@@H]1CC=C2c1cccnc1,7.96,potent
CHEMBL3932330,C[C@]12CC[C@H]3[C@@H](CC=C4C[C@@H](O)CC[C@@]43C)[C@@H]1CC=C2c1cccnc1F,7.96,potent
CHEMBL3932964,CC1C(O)CC[C@@]2(C)C1CC[C@H]1[C@@H]3CC=C(c4cccnc4)[C@@]3(C)CC[C@@H]12,7.96,potent
CHEMBL3933026,Cc1cncc(C2=CC[C@H]3[C@@H]4CCC5=CC(=O)N(C)CC[C@]5(C)[C@H]4CC[C@]23C)c1,7.96,potent
CHEMBL3933507,C[C@]12CC[C@H]3[C@@H](CC(C4CC4)C4=CC(=O)CC[C@@]43C)C1=CC=C2c1cccnc1,7.00,intermediate
CHEMBL3933845,C[C@]12CC[C@H]3[C@@H](CCC4C[C@H](NC(=O)C5CC5)CC[C@@]43C)[C@@H]1CC=C2c1cccnc1,7.96,potent
CHEMBL3934613,COc1cncc(C2=CC=C3[C@@H]4CC=C5C[C@@H](OC(C)=O)CC[C@]5(C)[C@H]4CC[C@]23C)c1,7.96,potent
CHEMBL3934768,C[C@]12CC[C@H]3[C@@H](CC=C4C[C@@H](O)CC[C@@]43C)C1=CC=C2c1cncc(C(F)F)c1,7.82,active
CHEMBL3935756,Cc1ccncc1C1=CC[C@H]2[C@@H]3CC[C@H]4CC(=O)NCC[C@]4(C)[C@H]3CC[C@]12C,7.82,active
CHEMBL3936040,Cc1cncc(C2=CC[C@H]3[C@@H]4CC[C@H]5COCCC[C@]5(C)[C@H]4CC[C@]23C)c1,7.96,potent
CHEMBL3936206,CCCC(=O)N1CCC2CC[C@H]3[C@@H]4CC=C(n5ccnc5)[C@@]4(C)CC[C@@H]3[C@@]2(C)CC1,7.96,potent
CHEMBL3937281,C[C@]12CC[C@H]3[C@@H](CC[C@H]4C[C@@H](O)CC[C@@]43C)C1=CC=C2n1ccnc1,7.96,potent
CHEMBL3937430,C[C@]12CC[C@H]3[C@@H](CC(F)C4=CC(=O)CC[C@@]43C)[C@@H]1CC=C2c1cccnc1,7.96,potent
CHEMBL3937534,C[C@]12CC[C@H]3[C@@H](CCC4=CC(=O)NCC[C@@]43C)[C@@H]1CC=C2c1cncc(C(F)F)c1,7.96,potent
CHEMBL3938001,Cc1cncc(C2=CC[C@H]3[C@@H]4CCC5=CC(=O)NCC[C@]5(C)[C@H]4CC[C@]23C)c1,7.96,potent
CHEMBL3938615,O=S(=O)(N1CCN(c2ccc(OC[C@@H]3CO[C@@](Cn4ccnc4)(c4ccc(Cl)cc4Cl)O3)cc2)CC1)C(F)(F)F,7.17,active
CHEMBL3938702,CCC1C[C@H]2[C@@H]3CC=C(c4cccnc4)[C@@]3(C)CC[C@@H]2[C@@]2(C)CCC(=O)C=C12,8.00,potent
CHEMBL3938811,CCC(=O)N1CCC[C@]2(C)[C@H]3CC[C@]4(C)C(n5ccnc5)=CC[C@H]4[C@]3(C)CC[C@H]2C1,8.00,potent
CHEMBL3939514,C[C@]12CC[C@H]3[C@@H](CCC4=CC(=O)CC[C@@]43C)C1=CC=C2n1ccnc1,7.96,potent
CHEMBL3939784,CC(=O)N[C@@H]1CC[C@@]2(C)C(=CC[C@H]3[C@@H]4CC=C(n5ccnc5)[C@@]4(C)CC[C@@H]32)C1,7.96,potent
CHEMBL3940899,C[C@]12CC[C@H]3[C@@H](CCC4C[C@](C)(O)CC[C@@]43C)[C@@H]1CC=C2c1cncc(F)c1,7.96,potent
CHEMBL3941119,Cc1cncc(C2=CC[C@H]3[C@@H]4CC(O)C5CCCC[C@]5(C)[C@H]4CC[C@]23C)c1,7.96,potent
CHEMBL3941532,COC(=O)N1CCC[C@]2(C)[C@H]3CC[C@]4(C)C(n5ccnc5)=CC[C@H]4[C@@H]3CC[C@H]2C1,7.00,intermediate
CHEMBL3941797,C[C@]12CC[C@H]3[C@@H](CCC4CC(O)C[C@@]43C)[C@@H]1CC=C2c1cncc(F)c1,7.96,potent
CHEMBL3942002,C[C@]12CC[C@H]3[C@@H](CC(=O)C4=CC(=O)CC[C@@]43C)[C@@H]1CC=C2c1cncc(F)c1,7.96,potent
CHEMBL3942981,C[C@]12CC[C@H]3[C@@H](CC=C4C[C@@H](O)CC[C@@]43C)C1=CC=C2n1ccnc1,7.96,potent
CHEMBL3944486,C[C@]12CC[C@H]3[C@@H](CCC4CC(O)C[C@@]43C)[C@@H]1CC=C2c1cccnc1,7.96,potent
CHEMBL3944649,C=C1C[C@H]2C3=CC=C(c4cccnc4)[C@@]3(C)CC[C@@H]2[C@@]2(C)CCC(=O)C=C12,8.00,potent
CHEMBL3945779,CN1CC[C@@]2(C)C(=CC1=O)CC[C@H]1[C@@H]3CC=C(n4ccnc4)[C@@]3(C)CC[C@@H]12,7.96,potent
CHEMBL3946031,C[C@]12CC[C@H]3[C@@H](C4CC4C4=CC(=O)NCC[C@@]43C)[C@@H]1CC=C2c1cccnc1,7.96,potent
CHEMBL3946247,C[C@]12CC[C@H]3[C@@H](CCC4=CC(=O)NCC[C@@]43C)C1=CC=C2n1ccnc1,7.96,potent
CHEMBL3946740,CN1C(=O)CCC[C@@]2(C)C1=CC[C@H]1[C@@H]3CC=C(c4cccnc4)[C@@]3(C)CC[C@@H]12,7.96,potent
CHEMBL3946864,COc1cncc(C2=CC[C@H]3[C@@H]4CCN5C(=O)CCCC[C@]5(C)[C@H]4CC[C@]23C)c1,7.96,potent
CHEMBL3947311,CC(=O)O[C@H]1CC[C@@]2(C)[C@@H](CC[C@H]3C4=CC=C(n5ccnc5)[C@@]4(C)CC[C@@H]32)C1,7.96,potent
CHEMBL3948650,C[C@]12CC[C@H]3[C@@H](CC(F)C4=CC(=O)CC[C@@]43C)[C@@H]1CC=C2c1cncc(F)c1,7.96,potent
CHEMBL3948677,C[C@]12CC[C@H]3[C@@H](CC=C4CC(F)CC[C@@]43C)[C@@H]1CC=C2c1cncc(F)c1,7.96,potent
CHEMBL3948904,C[C@]12CC[C@H]3[C@@H](CC[C@H]4CC(=O)C[C@@]43C)[C@@H]1CC=C2n1ccnc1,7.96,potent
CHEMBL3949325,CC(=O)N[C@@H]1CC[C@@]2(C)C(=CC[C@H]3C4=CC=C(c5cccnc5)[C@@]4(C)CC[C@@H]32)C1,7.82,active
CHEMBL3949989,CC(=O)O[C@H]1CC[C@@]2(C)[C@@H](CC[C@H]3C4=CC=C(c5cccnc5)[C@@]4(C)CC[C@@H]32)C1,7.96,potent
CHEMBL3951114,C[C@]12CC[C@H]3[C@@H](CC[C@H]4CC(=O)NCC[C@@]43C)C1=CC=C2n1ccnc1,7.96,potent
CHEMBL3951366,C[C@]12C=C/C(=N\O)C=C1C1(CC1)C[C@@H]1[C@@H]2CC[C@]2(C)C(c3cccnc3)=CC[C@@H]12,7.00,intermediate
CHEMBL3951973,Fc1cncc(-c2nc3cc(F)c(Cl)cn3c2C2CC2)c1,5.00,inactive
CHEMBL3951986,C[C@]12CC[C@H]3[C@@H](CCC4C(=O)CCC[C@@]43C)[C@@H]1CC=C2c1cccnc1,7.96,potent
CHEMBL3952032,N#CCS(=O)(=O)N1CCN(c2ccc(OC[C@@H]3CO[C@@](Cn4ccnc4)(c4ccc(Cl)cc4Cl)O3)cc2)CC1,8.05,potent
CHEMBL3952895,CC1C[C@H]2C3=CC=C(c4cccnc4)[C@@]3(C)CC[C@@H]2[C@@]2(C)CCN(C)C(=O)C=C12,8.00,potent
CHEMBL3953572,C[C@]12CC[C@H]3[C@@H](CC(F)C4=CC(=O)NCC[C@@]43C)[C@@H]1CC=C2c1cccnc1,7.96,potent
CHEMBL3953640,NS(=O)(=O)c1cccc(-n2ncc3c(-c4cncc5ccccc45)ccnc32)c1,7.64,active
CHEMBL3954868,C[C@]12CC[C@H]3[C@@H](CC=C4C[C@H](NC(=O)C5CCC5)CC[C@@]43C)[C@@H]1CC=C2c1cccnc1,7.96,potent
CHEMBL3955454,C[C@]12CC[C@H]3[C@@H](CCC4=CC(=O)NCC[C@@]43C)C1=CC=C2c1cncc(C(F)F)c1,7.96,potent
CHEMBL3956116,Cc1ccncc1-c1ccnn2c(-c3ccccc3)cnc12,7.39,active
CHEMBL3956208,C[C@]12CC[C@H]3[C@@H](CC[C@H]4C[C@@H](O)CC[C@@]43C)C1=CC=C2c1cccnc1,7.96,potent
CHEMBL3957632,C[C@]12CC[C@H]3[C@@H](CCC4=CC(=O)C=C[C@@]43C)C1=CC=C2c1cccnc1,8.00,potent
CHEMBL3957953,CCc1cncc(C2=CC[C@H]3[C@@H]4CCN5C(=O)CCCC[C@]5(C)[C@H]4CC[C@]23C)c1,7.96,potent
CHEMBL3958077,C[C@]12CC[C@H]3[C@@H](CCC4=CC(=O)NCC[C@@]43C)[C@@H]1CC=C2n1ccnc1,7.96,potent
CHEMBL3958083,COC1C[C@H]2[C@@H]3CC=C(n4ccnc4)[C@@]3(C)CC[C@@H]2[C@@]2(C)CCC3CC312,7.96,potent
CHEMBL3958128,C[C@]12CC[C@H]3[C@@H](CC[C@H]4C[C@@H](O)CC[C@@]43C)[C@@H]1CC=C2n1ccnn1,7.96,potent
CHEMBL3958248,Cc1ccncc1-c1ccnn2c(-c3cccc(C(F)(F)F)c3)cnc12,6.89,intermediate
CHEMBL3958540,C=C1C[C@H]2[C@@H]3CC=C(c4cccnc4)[C@@]3(C)CC[C@@H]2[C@@]2(C)CCC(=O)C=C12,8.00,potent
CHEMBL3958877,CN1CC[C@@]2(C)C(=CC1=O)CC[C@H]1C3=CC=C(n4ccnc4)[C@@]3(C)CC[C@@H]12,7.82,active
CHEMBL3959459,C[C@]12CC[C@H]3[C@@H](CCC4=CC(=O)CC[C@@]43C)C1=CC=C2c1cncc(F)c1,8.00,potent
CHEMBL3960367,CC1C[C@H]2C3=CC=C(c4cccnc4)[C@@]3(C)CC[C@@H]2[C@@]2(C)C=CC(=O)C=C12,8.00,potent
CHEMBL3960724,O=S(=O)(c1cccs1)N1CCN(c2ccc(OC[C@@H]3CO[C@@](Cn4ccnc4)(c4ccc(Cl)cc4Cl)O3)cc2)CC1,8.05,potent
CHEMBL3961686,Cc1ccncc1C1=CC[C@H]2[C@@H]3CN(C)C4=CC(=O)CC[C@]4(C)[C@H]3CC[C@]12C,7.82,active
CHEMBL3961920,COc1cncc(C2=CC[C@H]3[C@@H]4CC[C@H]5CCOCC[C@]5(C)[C@H]4CC[C@]23C)c1,7.96,potent
CHEMBL3962136,Cc1cncc(C2=CC[C@H]3[C@@H]4CC=C5C[C@H](NC(=O)C6CC6)CC[C@]5(C)[C@H]4CC[C@]23C)c1,7.96,potent
CHEMBL3962764,Fc1ccc(-n2ncc3c(-n4ccnc4)ccnc32)cc1,6.19,intermediate
CHEMBL3964049,C[C@]12CC[C@H]3[C@@H](CCC4=CC(=O)CC[C@@]43C)C1=CC=C2c1cncnc1,8.00,potent
CHEMBL3964421,COCCS(=O)(=O)N1CCN(c2ccc(OC[C@@H]3CO[C@@](Cn4ccnc4)(c4ccc(Cl)cc4Cl)O3)cc2)CC1,7.72,active
CHEMBL3964663,COc1cncc(C2=CC[C@H]3[C@@H]4CCC5=CC(=O)NCC[C@]5(C)[C@H]4CC[C@]23C)c1,7.96,potent
CHEMBL3965336,Cc1ccncc1-c1ccnn2c(-c3cccs3)cnc12,8.05,potent
CHEMBL3965598,C[C@]12CC[C@H]3[C@@H](CC=C4C[C@H](NC(=O)C5CC5)CC[C@@]43C)[C@@H]1CC=C2c1cccnc1,7.96,potent
CHEMBL3966729,CCOc1cncc(C2=CC[C@H]3[C@@H]4CC[C@H]5COCCC[C@]5(C)[C@H]4CC[C@]23C)c1,7.96,potent
CHEMBL3967106,C[C@]12CC[C@H]3[C@@H](CC(O)C45CC4CC[C@]35C)C1=CC=C2c1cccnc1,7.96,potent
CHEMBL3967361,C[C@]12CC[C@H]3[C@@H](C4CC4C4=CC(=O)NCC[C@@]43C)[C@@H]1CC=C2c1cncc(F)c1,7.96,potent
CHEMBL3967945,C[C@]12CC[C@H]3[C@@H](CCC4CC(F)(F)CC[C@@]43C)C1=CC=C2c1cccnc1,7.96,potent
CHEMBL3968178,O=S(=O)(C(F)F)N1CCN(c2ccc(OC[C@@H]3CO[C@@](Cn4ccnc4)(c4ccc(Cl)cc4Cl)O3)cc2)CC1,8.10,potent
CHEMBL3968394,C[C@]12CC[C@H]3[C@@H](CC[C@H]4CC(=O)NCC[C@@]43C)[C@@H]1CC=C2n1ccnn1,7.96,potent
CHEMBL3969233,CCC1C[C@H]2C3=CC=C(c4cccnc4)[C@@]3(C)CC[C@@H]2[C@@]2(C)CCC(=O)C=C12,8.00,potent
CHEMBL3969480,CC1C[C@H]2[C@@H]3CC=C(c4cccnc4)[C@@]3(C)CC[C@@H]2[C@@]2(C)CCC(=O)C=C12,8.00,potent
CHEMBL3970637,C[C@]12CC[C@H]3[C@@H](CCC4=CC(=O)NCC[C@@]43C)[C@@H]1CC=C2n1cncn1,7.96,potent
CHEMBL3970668,C[C@]12CC[C@H]3[C@@H](CCC4CC(F)(F)CC[C@@]43C)[C@@H]1CC=C2c1cccnc1,7.96,potent
CHEMBL3970897,C[C@]12CC[C@H]3[C@@H](CCC4=CC(=O)CC[C@@]43C)C1=CC=C2c1cncc(N)c1,7.96,potent
CHEMBL3971564,NS(=O)(=O)c1cccc(-n2ncc3c(-c4cncc5ncccc45)ccnc32)c1,6.69,intermediate
CHEMBL3971578,CC1C[C@@H]2[C@H](CC[C@]3(C)C(c4cccnc4)=CC[C@@H]23)[C@@]2(C)C=CC(=O)C=C12,8.00,potent
CHEMBL3972117,Cc1cccc(-c2cnc3c(-c4cnccc4C)ccnn23)c1,6.92,intermediate
CHEMBL3972568,C=C1C[C@@H]2[C@H](CC[C@]3(C)C(c4cncc(F)c4)=CC[C@@H]23)[C@@]2(C)C=CC(=O)C=C12,7.96,potent
CHEMBL3972629,C[C@]12CC[C@H]3[C@@H](CC[C@H]4CC(O)C[C@@]43C)[C@@H]1CC=C2n1ccnn1,7.30,active
CHEMBL3973768,CC(=O)N[C@@H]1CC[C@@]2(C)C(=CC[C@H]3[C@@H]4CC=C(c5cncc(C(F)F)c5)[C@@]4(C)CC[C@@H]32)C1,7.96,potent
CHEMBL3974227,C[C@]12CC[C@H]3[C@@H](C4CC4C4=CC(=O)CC[C@@]43C)[C@@H]1CC=C2c1cncc(F)c1,7.96,potent
CHEMBL3974457,C[C@]12C=CC(=O)C=C1C1(CC1)C[C@@H]1[C@@H]2CC[C@]2(C)C(c3cccnc3)=CC[C@@H]12,8.00,potent
CHEMBL3976002,CC1C[C@H]2[C@@H]3CC=C(c4cncc(F)c4)[C@@]3(C)CC[C@@H]2[C@@]2(C)CCC(=O)C=C12,7.96,potent
CHEMBL3976046,C[C@]12CC[C@H]3[C@@H](CC[C@H]4CC(=O)OCC[C@@]43C)[C@@H]1CC=C2c1cccnc1,7.96,potent
CHEMBL3976163,CC1C[C@H]2[C@@H]3CC=C(c4cccnc4)[C@@]3(C)CC[C@@H]2[C@@]2(C)CC/C(=N\O)C=C12,7.00,intermediate
CHEMBL3976368,C[C@]12CC[C@H]3[C@@H](CCN4C(=O)CCCC[C@]34C)[C@@H]1CC=C2c1cccnc1,7.96,potent
CHEMBL3976482,CC(C)C(=O)N[C@H]1CC[C@@]2(C)C(CC[C@H]3[C@@H]4CC=C(c5cccnc5)[C@@]4(C)CC[C@@H]32)C1,7.82,active
CHEMBL3977270,C[C@]1(O)CC[C@@]2(C)C(CC[C@H]3[C@@H]4CC=C(c5cncc(F)c5)[C@@]4(C)CC[C@@H]32)C1,6.95,intermediate
CHEMBL3977488,CC(=O)O[C@H]1CC[C@@]2(C)C(=CC[C@H]3C4=CC=C(n5ccnc5)[C@@]4(C)CC[C@@H]32)C1,7.96,potent
CHEMBL3978652,COc1cncc(C2=CC=C3[C@@H]4CCC5=CC(=O)N(C)CC[C@]5(C)[C@H]4CC[C@]23C)c1,7.96,potent
CHEMBL3979173,CC1C[C@H]2C3=CC=C(c4cccnc4)[C@@]3(C)CC[C@@H]2[C@@]2(C)CCC(=O)C=C12,8.00,potent
CHEMBL3979844,COc1cncc(C2=CC[C@H]3[C@@H]4CC(=O)C5CCCC[C@]5(C)[C@H]4CC[C@]23C)c1,7.96,potent
CHEMBL3980490,C[C@]12CC[C@H]3[C@@H](CC(CO)C4=CC(=O)CC[C@@]43C)C1=CC=C2c1cccnc1,7.96,potent
CHEMBL3980640,CC1=C2CC[C@H]3[C@@H]4CC=C(c5cccnc5)[C@@]4(C)CC[C@@H]3[C@@]2(C)CCC1O,7.96,potent
CHEMBL3980889,CS(=O)(=O)CS(=O)(=O)N1CCN(c2ccc(OC[C@@H]3CO[C@@](Cn4ccnc4)(c4ccc(Cl)cc4Cl)O3)cc2)CC1,8.15,potent
CHEMBL3981088,C[C@]12CC[C@H]3[C@@H](CC(F)C4(O)C[C@@H](O)CC[C@]34C)[C@@H]1CC=C2c1cncc(F)c1,7.96,potent
CHEMBL3981830,Cc1ccncc1-c1ccnn2c(-c3cc(Cl)cc(Cl)c3)cnc12,6.18,intermediate
CHEMBL3982013,COc1cncc(C2CC[C@H]3[C@@H]4CCC5=CC(=O)NCC[C@]5(C)[C@H]4CC[C@]23C)c1,7.96,potent
CHEMBL3982387,C[C@]12CC[C@H]3[C@@H](CC[C@H]4COCCC[C@]34C)[C@@H]1CC=C2c1cccnc1,7.96,potent
CHEMBL3982478,C[C@]12CC[C@H]3[C@@H](CC4(CC4)C4=CC(=O)CC[C@@]43C)C1=CC=C2c1cncc(F)c1,8.00,potent
CHEMBL3982662,C[C@]12CC[C@H]3[C@@H](CCC4=C/C(=N/O)CC[C@@]43C)C1=CC=C2c1cccnc1,7.96,potent
CHEMBL3982671,CC1=C2CC[C@H]3C4=CC=C(c5cccnc5)[C@@]4(C)CC[C@@H]3[C@@]2(C)CCC1O,7.96,potent
CHEMBL3982921,C[C@]12CC[C@H]3[C@@H](C=CC4=CC(=O)CC[C@@]43C)[C@@H]1CC=C2c1cncc(F)c1,7.96,potent
CHEMBL3982969,C[C@]12CC[C@H]3[C@@H](CC=C4C[C@@H](O)CC[C@@]43C)[C@@H]1CC=C2c1cncc(C(F)F)c1,7.96,potent
CHEMBL3983066,C[C@]12CC[C@H]3[C@@H](CC=C4C[C@@H](O)CC[C@@]43C)[C@@H]1CC=C2c1cncc(F)c1,7.96,potent
CHEMBL3983081,CC1C[C@H]2C3=CC=C(c4cncc(N)c4)[C@@]3(C)CC[C@@H]2[C@@]2(C)CCC(=O)C=C12,7.96,potent
CHEMBL3983390,CC(=O)N[C@H]1CC[C@@]2(C)C(CC[C@H]3[C@@H]4CC=C(c5cccnc5)[C@@]4(C)CC[C@@H]32)C1,7.96,potent
CHEMBL3983734,CS(=O)(=O)N1CCN(c2ccc(OC[C@@H]3CO[C@@](Cn4ccnc4)(c4ccc(Cl)cc4Cl)O3)cc2)CC1,7.82,active
CHEMBL3984284,C[C@]1(O)CC[C@@]2(C)C(CC[C@H]3[C@@H]4CC=C(c5cccnc5)[C@@]4(C)CC[C@@H]32)C1,7.96,potent
CHEMBL3984592,COc1cncc(C2=CC=C3[C@@H]4CC=C5C[C@@H](O)CC[C@]5(C)[C@H]4CC[C@]23C)c1,7.96,potent
CHEMBL3984933,COc1cncc(C2=CC[C@H]3[C@@H]4CC[C@H]5COCCC[C@]5(C)[C@H]4CC[C@]23C)c1,7.96,potent
CHEMBL3985019,C=C1C[C@H]2C3=CC=C(c4cncc(F)c4)[C@@]3(C)CC[C@@H]2[C@@]2(C)CCC(=O)C=C12,8.00,potent
CHEMBL3986070,Cc1cncc(C2=CC=C3[C@@H]4CCC5CC(=O)NCC[C@]5(C)[C@H]4CC[C@]23C)c1,7.96,potent
CHEMBL3986794,CC1C[C@@H]2[C@H](CC[C@]3(C)C(c4cccnc4)CC[C@@H]23)[C@@]2(C)C=CC(=O)C=C12,8.00,potent
CHEMBL3986922,CC1=C2CC[C@H]3[C@@H]4CC=C(c5cccnc5)[C@@]4(C)CC[C@@H]3[C@@]2(C)CCC1=O,7.96,potent
CHEMBL402971,CCC(c1ccc(-c2cscc2C)cc1)n1ccnc1,6.23,intermediate
CHEMBL403475,CCC(c1ccc(-c2ccsc2)cc1)n1ccnc1,6.43,intermediate
CHEMBL403808,CCC(c1ccc(-c2cscc2C)cc1F)n1ccnc1,6.63,intermediate
CHEMBL403852,CCC(c1ccc(-c2ccsc2Cl)cc1)n1ccnc1,6.58,intermediate
CHEMBL4059780,Cc1ccncc1CN1CCc2c(sc3ccc(F)cc23)C1,7.70,active
CHEMBL4063960,COc1cncc(CN2CCc3c(sc4ccc(F)cc34)C2)c1,7.35,active
CHEMBL4064141,Oc1ccc2sc3c(c2c1)CCN(Cc1cccnc1)C3,7.63,active
CHEMBL4067000,CC(C)(O)c1cncc(-n2ncc3c(C(F)(F)F)cccc32)c1,5.00,inactive
CHEMBL4068802,Fc1ccc2sc3c(c2c1)CCN(Cc1c[nH]cn1)C3,7.61,active
CHEMBL4071689,C[C@](O)(c1cncc(-n2nc(C(F)(F)F)c3ccccc32)c1)C(F)(F)F,5.00,inactive
CHEMBL4077246,N#Cc1ccc(COc2ccc(C#Cc3ccc(C(F)(F)C(O)(Cn4cnnn4)c4ccc(F)cc4F)nc3)cc2)cc1,4.42,inactive
CHEMBL4080256,Cc1nn(-c2cncc([C@@](C)(O)C(F)(F)F)c2)c2ccccc12,5.00,inactive
CHEMBL4080420,Cc1nn(-c2cncc(C(C)(C)O)c2)c2cccc(F)c12,5.00,inactive
CHEMBL4091726,Fc1cncc(CN2CCc3c(sc4ccc(F)cc34)C2)c1,7.34,active
CHEMBL4098297,Cc1nn(-c2cncc([C@](C)(O)C(F)(F)F)c2)c2ccccc12,5.00,inactive
CHEMBL4101612,Fc1ccc2sc3c(c2c1)CCN(Cc1cccnc1)C3,7.54,active
CHEMBL4108488,CN(CCC(=O)O)C(=O)c1ccc2c(c1)CC[C@@H]1[C@@H]2CC[C@]2(C)C(c3cncc(F)c3)=CC[C@@H]12,3.70,inactive
CHEMBL4109884,CC(C)(CNC(=O)c1ccc2c(c1)CC[C@@H]1[C@@H]2CC[C@]2(C)C(c3cncc(F)c3)=CC[C@@H]12)C(=O)O,4.07,inactive
CHEMBL4111690,C[C@]12CC[C@@H]3c4ccc(C(=O)NCC(=O)O)cc4CC[C@H]3[C@@H]1CC=C2c1cncc(F)c1,4.82,inactive
CHEMBL4125765,O=S(=O)(C1CC1)N1CCN(c2ccc(/C=C/c3cc(F)cc(Cn4ccnc4)c3)cc2)CC1,7.47,active
CHEMBL4125902,N#CCS(=O)(=O)N1CCN(c2ccc(/C=C/c3cc(F)cc(Cn4ccnc4)c3)cc2)CC1,7.07,active
CHEMBL4125996,CS(=O)(=O)N1CCN(c2ccc(/C=C/c3cc(F)cc(Cn4ccnc4)c3)cc2)CC1,7.24,active
CHEMBL4126014,CS(=O)(=O)N1CCN(c2ccc(/C=C/c3cc(Cl)cc(-c4ccncc4)c3)cc2)CC1,8.30,potent
CHEMBL4126284,CCS(=O)(=O)N1CCN(c2ccc(/C=C/c3cc(F)cc(-c4ccncc4)c3)cc2)CC1,8.30,potent
CHEMBL4126412,CS(=O)(=O)N1CCN(c2ccc(/C=C/c3cc(Cl)cc(Cn4ccnc4)c3)cc2)CC1,6.74,intermediate
CHEMBL4126429,CS(=O)(=O)N1CCN(c2ccc(/C=C/c3cc(F)cc(-c4ccncc4)c3)cc2)CC1,8.30,potent
CHEMBL4126731,N=C(N)N1CCN(c2ccc(/C=C/c3cc(F)cc(Cn4ccnc4)c3)cc2)CC1,5.92,inactive
CHEMBL4126816,Clc1cc(/C=C/c2ccc(N3CCN(C4=NCCO4)CC3)cc2)cc(-c2ccncc2)c1,8.30,potent
CHEMBL4126956,O=S(=O)(C(F)F)N1CCN(c2ccc(/C=C/c3cc(F)cc(-c4ccncc4)c3)cc2)CC1,8.30,potent
CHEMBL4126996,O=S(=O)(C1CC1)N1CCN(c2ccc(/C=C/c3cc(F)cc(-c4ccncc4)c3)cc2)CC1,9.00,potent
CHEMBL4127131,O=S(=O)(C(F)F)N1CCN(c2ccc(/C=C/c3cc(F)cc(Cn4ccnc4)c3)cc2)CC1,8.30,potent
CHEMBL4127240,O=S(=O)(c1c[nH]cn1)N1CCN(c2ccc(/C=C/c3cc(Cl)cc(Cn4ccnc4)c3)cc2)CC1,8.21,potent
CHEMBL4127256,CC(C)S(=O)(=O)N1CCN(c2ccc(/C=C/c3cc(Cl)cc(-c4ccncc4)c3)cc2)CC1,8.30,potent
CHEMBL4127378,CC(C)S(=O)(=O)N1CCN(c2ccc(/C=C/c3cc(F)cc(Cn4ccnc4)c3)cc2)CC1,7.41,active
CHEMBL4127385,O=S(=O)(C1CC1)N1CCN(c2ccc(/C=C/c3cc(Cl)cc(Cn4ccnc4)c3)cc2)CC1,7.68,active
CHEMBL4127399,CC(=O)N1CCN(c2ccc(/C=C/c3cc(Cl)cc(-c4ccncc4)c3)cc2)CC1,8.30,potent
CHEMBL4127656,CC(C)S(=O)(=O)N1CCN(c2ccc(/C=C/c3cc(F)cc(-c4ccncc4)c3)cc2)CC1,9.00,potent
CHEMBL4127969,Fc1cc(/C=C/c2ccc(N3CCN(C4=NCCCO4)CC3)cc2)cc(Cn2ccnc2)c1,7.38,active
CHEMBL4128105,N=C(N)N1CCN(c2ccc(/C=C/c3cc(Cl)cc(Cn4ccnc4)c3)cc2)CC1,5.60,inactive
CHEMBL4128197,N=C(N)N1CCN(c2ccc(/C=C/c3cc(F)cc(-c4ccncc4)c3)cc2)CC1,7.74,active
CHEMBL4128368,O=S(=O)(N1CCN(c2ccc(/C=C/c3cc(F)cc(-c4ccncc4)c3)cc2)CC1)C(F)(F)F,8.70,potent
CHEMBL4128449,CCS(=O)(=O)N1CCN(c2ccc(/C=C/c3cc(Cl)cc(Cn4ccnc4)c3)cc2)CC1,7.62,active
CHEMBL4128495,N#CCS(=O)(=O)N1CCN(c2ccc(/C=C/c3cc(Cl)cc(-c4ccncc4)c3)cc2)CC1,8.22,potent
CHEMBL4128621,O=S(=O)(c1cccnc1)N1CCN(c2ccc(/C=C/c3cc(Cl)cc(Cn4ccnc4)c3)cc2)CC1,7.77,active
CHEMBL4128640,O=S(=O)(C1CC1)N1CCN(c2ccc(/C=C/c3cc(Cl)cc(-c4ccncc4)c3)cc2)CC1,8.30,potent
CHEMBL4129210,Clc1cc(/C=C/c2ccc(N3CCN(C4=NCCO4)CC3)cc2)cc(Cn2ccnc2)c1,7.00,active
CHEMBL4129355,Fc1cc(/C=C/c2ccc(N3CCN(C4=NCCO4)CC3)cc2)cc(Cn2ccnc2)c1,6.93,intermediate
CHEMBL4129428,Fc1cc(/C=C/c2ccc(N3CCN(C4=NCCO4)CC3)cc2)cc(-c2ccncc2)c1,8.30,potent
CHEMBL4129703,CC(=O)N1CCN(c2ccc(/C=C/c3cc(Cl)cc(Cn4ccnc4)c3)cc2)CC1,7.38,active
CHEMBL4129721,CC(=O)N1CCN(c2ccc(/C=C/c3cc(F)cc(-c4ccncc4)c3)cc2)CC1,8.34,potent
CHEMBL4129859,O=S(=O)(C(F)F)N1CCN(c2ccc(/C=C/c3cc(Cl)cc(-c4ccncc4)c3)cc2)CC1,8.30,potent
CHEMBL4130227,N=C(N)N1CCN(c2ccc(/C=C/c3cc(Cl)cc(-c4ccncc4)c3)cc2)CC1,10.77,potent
CHEMBL419743,Cc1nc(C2CCC3C4CC=C5CC(O)CC[C@]5(C)C4CC[C@]23C)co1,6.40,intermediate
CHEMBL419831,CC(=O)O[C@H]1CCC2C3C=CC4=CC(=O)C=C[C@]4(C)C3CC[C@@]21C,6.18,intermediate
CHEMBL419934,C[C@]12CCC3C(CC=C4CC(O)CC[C@@]43C)C1CCC2c1ncc[nH]1,6.40,intermediate
CHEMBL4203137,C[C@]12CC[C@H]3[C@@H](CC=C4C[C@@H](O)CC[C@@]43C)[C@@H]1CC=C2c1ccccc1,4.70,inactive
CHEMBL4207995,CC1(C)CC(=O)c2c(noc2Cc2ccccc2)C1,4.50,inactive
CHEMBL4209916,C[C@]12CC[C@H]3[C@@H](CC(=O)[C@H]4C[C@@H](O)CC[C@@]43C)[C@@H]1CC=C2c1cccnc1,7.91,active
CHEMBL4209941,C[C@]12CC[C@H]3[C@@H](CC(C#N)=C4C[C@@H](O)CC[C@@]43C)[C@@H]1CC=C2c1cccnc1,7.81,active
CHEMBL4210737,C[C@]12CC[C@H]3[C@@H](C[C@@H]4C[C@@]45C[C@@H](O)CC[C@]35C)[C@@H]1CC=C2c1cccnc1,8.11,potent
CHEMBL4210952,C[C@]12CC[C@H]3[C@@H](CC(=O)N[C@H]4C[C@@H](O)CC[C@@]43C)[C@@H]1CC=C2c1cccnc1,6.64,intermediate
CHEMBL4211126,CC1(C)CC(=O)c2c(noc2Cc2ccc(S(C)(=O)=O)cc2)C1,4.50,inactive
CHEMBL4212612,COc1ccc(Cc2onc3c2C(=O)CC(C)(C)C3)cc1,4.50,inactive
CHEMBL4213452,C[C@]12CC[C@H]3[C@@H](C[C@H](O)[C@H]4C[C@@H](O)CC[C@@]43C)[C@@H]1CC=C2c1cccnc1,8.14,potent
CHEMBL4214618,CN(CCO)C(=O)c1ccc(Cc2onc3c2C(=O)CC(C)(C)C3)cc1,4.50,inactive
CHEMBL4214976,C[C@]12CC[C@H]3[C@@H](C/C(=N/O)[C@H]4C[C@@H](O)CC[C@@]43C)[C@@H]1CC=C2c1cccnc1,7.78,active
CHEMBL422456,C=CC1CCC2C3CC=C4C[C@@H](O)CC[C@]4(C)C3CC[C@]12C,5.54,inactive
CHEMBL422998,CC(=O)C1=CCC2C3CCC4=CC(=O)CC[C@]4(C)C3CC[C@]12C,5.77,inactive
CHEMBL4276910,CC(=O)N1CC[C@H]2[C@@H]3CC=C(c4cccnc4)[C@@]3(C)CC[C@@H]2[C@@]2(C)CC[C@H](O)C[C@H]12,5.86,inactive
CHEMBL4277054,COCCOC(=O)N1CCN(c2ccc(CO[C@H]3CO[C@@](Cn4ccnc4)(c4ccccc4Cl)OC3)cc2)CC1,5.60,inactive
CHEMBL4278033,CCOC(=O)CNC(=O)N1CCN(c2ccc(CO[C@H]3CO[C@](Cn4ccnc4)(c4ccccc4Cl)OC3)cc2)CC1,7.40,active
CHEMBL4278076,COCCOC(=O)N1CCN(c2ccc(CO[C@H]3CO[C@](Cn4ccnc4)(c4ccccc4Cl)OC3)cc2)CC1,7.70,active
CHEMBL4279058,Clc1ccccc1[C@]1(Cn2ccnc2)OC[C@@H](OCc2ccc(-c3ccncc3)cc2)CO1,7.38,active
CHEMBL4279184,C[C@]12CC[C@H]3[C@@H](C=C(C#N)[C@H]4C[C@@H](O)CC[C@@]43C)[C@@H]1CC=C2c1cccnc1,6.61,intermediate
CHEMBL4279221,CC(C)S(=O)(=O)N1CCN(c2ccc(/C=C/c3cc(Cl)cc(Cn4ccnc4)c3)cc2)CC1,7.42,active
CHEMBL4279416,Clc1cc(/C=C/c2ccc(N3CCN(CC4CC4)CC3)cc2)cc(Cn2ccnc2)c1,7.77,active
CHEMBL4279441,N#Cc1cccc(S(=O)(=O)N2CCN(c3ccc(CO[C@H]4CO[C@](Cn5ccnc5)(c5ccc(Cl)cc5Cl)OC4)cc3)CC2)c1,7.12,active
CHEMBL4279727,N#Cc1cccc(CN2CCN(c3ccc(/C=C/c4cc(Cl)cc(Cn5ccnc5)c4)cc3)CC2)c1,7.60,active
CHEMBL4279912,CC(=O)N1CCN(c2ccc(CCc3cc(F)cc(-c4ccncc4)c3)cc2)CC1,7.68,active
CHEMBL4280255,C[C@]12CC[C@H]3[C@@H](C/C(=N\O)[C@H]4C[C@@H](O)CC[C@@]43C)[C@@H]1CC=C2c1cccnc1,6.82,intermediate
CHEMBL4280259,CS(=O)(=O)N1CCN(c2ccc(CO[C@H]3CO[C@@](Cn4ccnc4)(c4ccccc4Cl)OC3)cc2)CC1,5.82,inactive
CHEMBL4280378,O=S(=O)(N1CCN(c2ccc(CCc3cc(F)cc(-c4ccncc4)c3)cc2)CC1)C(F)(F)F,7.78,active
CHEMBL4280777,O=C(C1CC1)N1CCN(c2ccc(/C=C/c3cc(Cl)cc(Cn4ccnc4)c3)cc2)CC1,7.32,active
CHEMBL4280985,CC(=O)N1CCN(c2ccc(/C=C/c3cc(O)cc(-n4ccnc4)c3)cc2)CC1,6.66,intermediate
CHEMBL4281147,CC(C)=C(c1cccnc1)c1cc(Cl)cc(/C=C/c2ccc(-c3ccncc3)cc2)c1,6.52,intermediate
CHEMBL4281307,CN(C)C(=O)N1CCN(c2ccc(CO[C@H]3CO[C@](Cn4ccnc4)(c4ccccc4Cl)OC3)cc2)CC1,7.57,active
CHEMBL4281653,CC(=O)N1CCN(c2ccc(/C=C/c3cc(Cl)cc(Cc4cccnc4)c3)cc2)CC1,7.46,active
CHEMBL4281673,Clc1ccccc1[C@]1(Cn2ccnc2)OC[C@H](OCc2ccc(N3CCOCC3)cc2)CO1,5.10,inactive
CHEMBL4282398,CC(=O)N1CCN(c2ccc(/C=C/c3cc(O)cc(Cn4ccnc4)c3)cc2)CC1,7.06,active
CHEMBL4282697,CC(=O)N1CCN(c2ccc(/C=C/c3cc(Cl)cc(C(O)(c4cccnc4)C(C)C)c3)cc2)CC1,6.62,intermediate
CHEMBL4283034,CC(=O)N1CCN(c2ccc(CO[C@H]3CO[C@](Cn4ccnc4)(c4ccccc4Cl)OC3)cc2)CC1,6.84,intermediate
CHEMBL4283084,CC(=O)N1CCN(c2ccc(/C=C/c3cc(Cl)cc(C(=C(C)C)c4cccnc4)c3)cc2)CC1,6.68,intermediate
CHEMBL4283190,N#Cc1cccc(C(=O)N2CCN(c3ccc(/C=C/c4cc(Cl)cc(Cn5ccnc5)c4)cc3)CC2)c1,7.66,active
CHEMBL4283221,CCOC(=O)CNC(=O)N1CCN(c2ccc(CO[C@H]3CO[C@@](Cn4ccnc4)(c4ccccc4Cl)OC3)cc2)CC1,5.00,inactive
CHEMBL4283318,O=S(=O)(c1cccnc1)N1CCN(c2ccc(CO[C@H]3CO[C@](Cn4ccnc4)(c4ccc(Cl)cc4Cl)OC3)cc2)CC1,7.89,active
CHEMBL4283402,CCOC(=O)CNC(=O)N1CCN(c2ccc(/C=C/c3cc(F)cc(-c4ccncc4)c3)cc2)CC1,8.10,potent
CHEMBL4283570,Fc1cc(/C=C/c2ccc(-c3ccncc3)cc2)cc(-c2ccncc2)c1,7.96,active
CHEMBL4283588,O=S(=O)(C1CC1)N1CCN(c2ccc(CO[C@H]3CO[C@](Cn4ccnc4)(c4ccc(Cl)cc4Cl)OC3)cc2)CC1,7.96,active
CHEMBL4284316,O=S(=O)(c1cccc(OC(F)(F)F)c1)N1CCN(c2ccc(CO[C@H]3CO[C@](Cn4ccnc4)(c4ccc(Cl)cc4Cl)OC3)cc2)CC1,7.00,intermediate
CHEMBL4284598,Fc1cc(/C=C/c2ccc(Br)cc2)cc(-c2ccncc2)c1,7.38,active
CHEMBL4284620,O=S(=O)(CCCCl)N1CCN(c2ccc(CO[C@H]3CO[C@](Cn4ccnc4)(c4ccc(Cl)cc4Cl)OC3)cc2)CC1,6.97,intermediate
CHEMBL4284756,CCOC(=O)CNC(=O)NC1CCN(c2ccc(/C=C/c3cc(Cl)cc(Cn4ccnc4)c3)cc2)CC1,8.46,potent
CHEMBL4285301,CC(=O)N1CCN(c2ccc(/C=C/c3cc(F)cc(-c4cccnc4)c3)cc2)CC1,6.21,intermediate
CHEMBL4285420,CS(=O)(=O)N1CCN(c2ccc(CO[C@H]3CO[C@](Cn4ccnc4)(c4ccccc4Cl)OC3)cc2)CC1,7.92,active
CHEMBL4285546,CCS(=O)(=O)N1CCN(c2ccc(CCc3cc(F)cc(-c4ccncc4)c3)cc2)CC1,8.70,potent
CHEMBL4285744,CC(=O)N1CCN(c2ccc(CO[C@H]3CO[C@@](Cn4ccnc4)(c4ccccc4Cl)OC3)cc2)CC1,5.00,inactive
CHEMBL4286077,O=S(=O)(CCCCl)N1CCN(c2ccc(/C=C/c3cc(Cl)cc(Cn4ccnc4)c3)cc2)CC1,7.51,active
CHEMBL4286761,Clc1ccccc1[C@]1(Cn2ccnc2)OC[C@@H](OCc2ccc(N3CCOCC3)cc2)CO1,6.59,intermediate
CHEMBL4286910,Fc1cc(/C=C/c2ccc(N3CCN(CC4CC4)CC3)cc2)cc(-c2ccncc2)c1,8.30,potent
CHEMBL4287119,CC(=O)N1CCN(c2ccc(/C=C/c3cc(Cl)cc(-c4cccnc4)c3)cc2)CC1,6.21,intermediate
CHEMBL4287608,CC(C)S(=O)(=O)N1CCN(c2ccc(CO[C@H]3CO[C@](Cn4ccnc4)(c4ccc(Cl)cc4Cl)OC3)cc2)CC1,7.96,active
CHEMBL4287787,O=[N+]([O-])c1cccc(S(=O)(=O)N2CCN(c3ccc(/C=C/c4cc(Cl)cc(Cn5ccnc5)c4)cc3)CC2)c1,8.05,potent
CHEMBL4288168,O=S(=O)(c1cccnc1)N1CCN(c2ccc(/C=C/c3cc(F)cc(-c4ccncc4)c3)cc2)CC1,8.15,potent
CHEMBL4288206,CN[C@H]1C[C@H]2[C@@H]3CC=C(c4cccnc4)[C@@]3(C)CC[C@@H]2[C@@]2(C)CC[C@H](O)C[C@H]12,5.40,inactive
CHEMBL4288241,CCOC(=O)CNC(=O)N1CCN(c2ccc(CCc3cc(F)cc(-c4ccncc4)c3)cc2)CC1,8.15,potent
CHEMBL4288256,O=S(=O)(c1cccc(OC(F)(F)F)c1)N1CCN(c2ccc(/C=C/c3cc(Cl)cc(Cn4ccnc4)c3)cc2)CC1,7.77,active
CHEMBL4288383,O=S(=O)(c1c[nH]cn1)N1CCN(c2ccc(CO[C@H]3CO[C@](Cn4ccnc4)(c4ccc(Cl)cc4Cl)OC3)cc2)CC1,7.17,active
CHEMBL4288457,Fc1cc(CCc2ccc(-c3ccncc3)cc2)cc(-c2ccncc2)c1,6.72,intermediate
CHEMBL4288652,CC(=O)N1CCN(c2ccc(CO[C@H]3CO[C@@](Cn4ccnc4)(c4ccc(Cl)cc4Cl)OC3)cc2)CC1,5.96,inactive
CHEMBL4288970,CC(=O)N1CCN(c2ccc(/C=C/c3cc(Cl)cc(COc4cccnc4)c3)cc2)CC1,6.87,intermediate
CHEMBL4289220,C[C@]12CC[C@H]3[C@@H](Cc4nnnn4[C@H]4C[C@@H](O)CC[C@]34C)[C@@H]1CC=C2c1cccnc1,6.70,intermediate
CHEMBL4289268,CC(C)S(=O)(=O)N1CCN(c2ccc(CCc3cc(F)cc(-c4ccncc4)c3)cc2)CC1,8.40,potent
CHEMBL4289930,CC(=O)N1CCN(c2ccc(CO[C@H]3CO[C@](Cn4ccnc4)(c4ccc(Cl)cc4Cl)OC3)cc2)CC1,8.10,potent
CHEMBL4289969,O=S(=O)(C1CC1)N1CCN(c2ccc(CCc3cc(F)cc(-c4ccncc4)c3)cc2)CC1,8.52,potent
CHEMBL4290805,Clc1ccc([C@]2(Cn3ccnc3)OC[C@@H](OCc3ccc(-c4ccncc4)cc3)CO2)c(Cl)c1,7.48,active
CHEMBL4291002,CCOC(=O)CNC(=O)N1CCN(c2ccc(/C=C/c3cc(Cl)cc(Cn4ccnc4)c3)cc2)CC1,8.40,potent
CHEMBL4291582,Oc1cc(/C=C/c2ccc(Br)cc2)cc(-n2ccnc2)c1,5.92,inactive
CHEMBL4291856,CCS(=O)(=O)N1CCN(c2ccc(CO[C@H]3CO[C@](Cn4ccnc4)(c4ccc(Cl)cc4Cl)OC3)cc2)CC1,8.05,potent
CHEMBL4292267,N#Cc1cccc(S(=O)(=O)N2CCN(c3ccc(/C=C/c4cc(Cl)cc(Cn5ccnc5)c4)cc3)CC2)c1,7.68,active
CHEMBL4293278,O=[N+]([O-])c1cc(S(=O)(=O)N2CCN(c3ccc(/C=C/c4cc(Cl)cc(Cn5ccnc5)c4)cc3)CC2)ccc1Cl,6.97,intermediate
CHEMBL4293550,O=C(c1cccc([N+](=O)[O-])c1)N1CCN(c2ccc(/C=C/c3cc(Cl)cc(Cn4ccnc4)c3)cc2)CC1,7.77,active
CHEMBL4293668,C[C@]12CC[C@H]3[C@@H](CC([N+](=O)[O-])=C4C[C@@H](O)CC[C@@]43C)[C@@H]1CC=C2c1cccnc1,6.74,intermediate
CHEMBL4294403,C[C@]12CC[C@H]3[C@@H](C[C@@H]4O[C@@]45C[C@@H](O)CC[C@]35C)[C@@H]1CC=C2c1cccnc1,6.37,intermediate
CHEMBL4294598,O=C(c1cccnc1)N1CCN(c2ccc(/C=C/c3cc(Cl)cc(Cn4ccnc4)c3)cc2)CC1,7.59,active
CHEMBL431843,CC(C)(OC(=O)C12CC3CC(CC(C3)C1)C2)c1cccnc1,7.04,active
CHEMBL432751,C[C@]12CCC3C(CCC4=CC(=O)CC[C@@]43C)C1CC=C2c1cccnc1,8.68,potent
CHEMBL439582,C[C@]12CCC3C(CC=C4C=C(Oc5c(F)c(F)c(C(F)(F)F)c(F)c5F)CC[C@@]43C)C1CC=C2c1cccnc1,5.00,inactive
CHEMBL440165,CC12CCC(O)CC1=CCC1C2CCC2(C)C(C/C=N/O)CCC12,6.57,intermediate
CHEMBL442373,N#Cc1ccc(Cn2ccnc2)c2c(=O)c3ccccc3oc12,6.66,intermediate
CHEMBL442568,CCC(c1ccc(-c2ccc(C#N)cc2)cc1)n1ccnc1,5.30,inactive
CHEMBL443865,C=CC(c1ccc(-c2ccccc2)cc1)n1ccnc1,5.85,inactive
CHEMBL444068,C[C@@H]1CCC2C(C)(C)C3CC21CC[C@@]3(C)OC(=O)C(C)(C)c1cccnc1,6.17,intermediate
CHEMBL445171,CC(c1ccc(-c2ccc(F)cc2)cc1)n1ccnc1,5.96,inactive
CHEMBL446083,CN1C(=O)CCc2cc(-c3cccnc3)ccc21,6.50,intermediate
CHEMBL449343,CCCC(c1ccc(-c2ccccc2)cc1)n1ccnc1,6.24,intermediate
CHEMBL4521939,CO[C@H]1CC[C@@]2(C)C(=CC[C@H]3[C@@H]4CC=C(n5cnc6ccccc65)[C@@]4(C)CC[C@@H]32)C1,4.41,inactive
CHEMBL4528465,COC(=O)c1ccc2c(c1)CC[C@@H]1[C@@H]2CC[C@]2(C)C(n3cnc4ccccc43)=CC[C@@H]12,4.82,inactive
CHEMBL4541575,C[C@]12CC[C@H]3[C@@H](CC=C4C[C@@H](OCc5ccncc5)CC[C@@]43C)[C@@H]1CC=C2n1cnc2ccccc21,4.82,inactive
CHEMBL454217,CC(c1ccc2c(c1)[nH]c1cc(F)ccc12)n1ccnc1,6.93,intermediate
CHEMBL4552506,C[C@]12CC[C@@H]3c4ccc(O)cc4CC[C@H]3[C@@H]1CC=C2n1cnc2ccccc21,4.59,inactive
CHEMBL4591875,C[C@]12CC[C@H]3[C@@H](CC=C4C[C@@H](n5ccnc5)CC[C@@]43C)[C@@H]1CC=C2n1cnc2ccccc21,6.32,intermediate
CHEMBL488,CCC1(c2ccc(N)cc2)CCC(=O)NC1=O,4.22,inactive
CHEMBL496257,CCc1ccc(-c2ccc(C(CC)n3ccnc3)cc2)cc1,5.70,inactive
CHEMBL496258,CCC(c1ccc(-c2ccc(N(CC)CC)cc2)cc1)n1ccnc1,5.30,inactive
CHEMBL496262,OC1(c2ccncc2)CCCc2cc(-c3ccc(F)c(F)c3)ccc21,6.37,intermediate
CHEMBL496263,COc1ccc(-c2ccc3c(c2)CCCC3(O)c2ccncc2)cc1F,5.30,inactive
CHEMBL496286,Br.Oc1ccc(-c2ccc3c(c2)CCC=C3c2ccncc2)cc1F,6.73,intermediate
CHEMBL496287,Cl.Fc1ccc(-c2ccc3c(c2)CCC3c2cccnc2)cc1,4.70,inactive
CHEMBL496288,Cl.Fc1ccc(-c2ccc3c(c2)CCC3c2ccncc2)cc1,6.63,intermediate
CHEMBL496289,Cl.Fc1ccc(-c2ccc3c(c2)CCCC3c2ccncc2)cc1,6.79,intermediate
CHEMBL496456,Cl.Fc1ccc(-c2ccc3c(c2)CCCC3c2ccncc2)cc1F,5.91,inactive
CHEMBL496468,CC(C)C(c1ccc(-c2ccccc2)cc1)n1ccnc1,6.51,intermediate
CHEMBL496469,Br.Oc1ccc(-c2ccc3c(c2)CCCC3c2ccncc2)cc1F,7.19,active
CHEMBL497309,COc1ccc(-c2ccc3c(c2)CC=C3c2ccncc2)cc1.Cl,5.30,inactive
CHEMBL497480,Cl.Fc1ccc(-c2ccc3c(c2)CCC=C3c2ccncc2)cc1,5.30,inactive
CHEMBL497481,Cl.Fc1ccc(-c2ccc3c(c2)CCC=C3c2ccncc2)cc1F,5.30,inactive
CHEMBL497499,CC(c1ccc(-c2ccccc2)cc1)n1ccnc1,6.04,intermediate
CHEMBL497500,CCC(c1ccc(-c2ccccc2)cc1)n1ccnc1,6.35,intermediate
CHEMBL497851,CC(C)CC(c1ccc(-c2ccccc2)cc1)n1ccnc1,5.68,inactive
CHEMBL498471,OC1(c2cccnc2)CCc2cc(-c3ccc(F)cc3)ccc21,4.70,inactive
CHEMBL498472,OC1(c2ccncc2)CCc2cc(-c3ccc(F)cc3)ccc21,6.48,intermediate
CHEMBL498522,CC(C)(C)C(c1ccc(-c2ccccc2)cc1)n1ccnc1,6.34,intermediate
CHEMBL498523,CCCCC(c1ccc(-c2ccccc2)cc1)n1ccnc1,6.52,intermediate
CHEMBL498534,c1ccc(-c2ccc(C(c3ccc(-c4ccccc4)cc3)n3ccnc3)cc2)cc1,5.64,inactive
CHEMBL498641,CCC(c1ccc(-c2ccc(SC)cc2)cc1)n1ccnc1,5.51,inactive
CHEMBL498642,CCC(c1ccc(-c2ccc(C)cc2)cc1)n1ccnc1,5.30,inactive
CHEMBL498643,COc1ccc(-c2ccc3c(c2)CCC3(O)c2ccncc2)cc1,4.70,inactive
CHEMBL498652,OC1(c2ccncc2)CCCc2cc(-c3ccc(F)cc3)ccc21,6.23,intermediate
CHEMBL498662,Cl.Fc1ccc(-c2ccc3c(c2)CC=C3c2ccncc2)cc1,4.70,inactive
CHEMBL499882,CC(c1ccc2c(c1)[nH]c1ccccc12)n1ccnc1,6.55,intermediate
CHEMBL500139,Fc1ccc(-c2ccc(C(CCCl)n3ccnc3)cc2)cc1,6.12,intermediate
CHEMBL500140,C=CC(c1ccc(-c2ccc(F)cc2)cc1)n1ccnc1,5.30,inactive
CHEMBL500425,CCC(c1ccc(-c2ccc(N3CCOCC3)cc2)cc1)n1ccnc1,5.66,inactive
CHEMBL500679,CCC(c1ccc(-c2ccc(NC(=O)OC(C)(C)C)cc2)cc1)n1ccnc1,5.77,inactive
CHEMBL500680,CCC(c1ccc(-c2ccc(O)cc2)cc1)n1ccnc1,6.64,intermediate
CHEMBL501198,CC(c1ccc2c(c1)Cc1ccccc1-2)n1ccnc1,8.40,potent
CHEMBL501446,CCC(CC)(c1ccc(-c2ccc(F)cc2)cc1)n1ccnc1,5.89,inactive
CHEMBL501460,CC(c1ccc2c(c1)Cc1cc(F)ccc1-2)n1ccnc1,6.77,intermediate
CHEMBL502542,c1ccc2c(c1)Cc1cc(Cn3ccnc3)ccc1-2,6.41,intermediate
CHEMBL502802,CC(C)(c1ccc(-c2ccc(F)cc2)cc1)n1ccnc1,5.42,inactive
CHEMBL503503,CCC(c1ccc(-c2ccc(N(C)C)cc2)cc1)n1ccnc1,5.30,inactive
CHEMBL504098,FC(F)(F)c1ccc(-c2ccc(Cn3ccnc3)cc2)cc1,5.30,inactive
CHEMBL505550,CC(c1ccc2c(c1)Cc1cc(O)ccc1-2)n1ccnc1,7.00,active
CHEMBL522228,Br.Oc1ccc(-c2ccc3c(c2)CCCC3c2ccncc2)cc1O,6.84,intermediate
CHEMBL522414,Fc1ccc(-c2ccc3c(c2)CCC3n2ccnc2)cc1,6.17,intermediate
CHEMBL522730,Cl.Fc1ccc(-c2ccc3c(c2)CC=C3c2cccnc2)cc1,5.63,inactive
CHEMBL524681,OCCC(c1ccc(-c2ccc(F)cc2)cc1)n1ccnc1,5.30,inactive
CHEMBL524989,CCC(c1ccc(-c2ccc(OC(F)(F)F)cc2)cc1)n1ccnc1,5.30,inactive
CHEMBL526081,Br.Oc1ccc(-c2ccc3c(c2)CCC=C3c2ccncc2)cc1O,6.51,intermediate
CHEMBL526104,c1ccc(-c2ccc(C(C3CCCCC3)n3ccnc3)cc2)cc1,5.98,inactive
CHEMBL526293,c1ccc(CC(c2ccc(-c3ccccc3)cc2)n2ccnc2)cc1,6.11,intermediate
CHEMBL526722,CCC(c1ccc(-c2ccc(NC(C)=O)cc2)cc1)n1ccnc1,5.30,inactive
CHEMBL527112,CCC(c1ccc(-c2ccc(F)cc2)cc1)n1ccnc1,6.46,intermediate
CHEMBL539168,COc1ccc(-c2ccc3c(c2)CCC3(O)c2ccncc2)cc1F,5.00,inactive
CHEMBL540997,CCC(c1ccc(-c2cccc(OC)c2)cc1)n1ccnc1,6.73,intermediate
CHEMBL541717,C[C@]12CCC3C(CC=C4CC(O)CC[C@@]43C)C1CC[C@@H]2c1c[nH]c(-c2ccccc2)n1,6.40,intermediate
CHEMBL541941,CCC(c1ccc(-c2ccc(O)c(Cl)c2)cc1)n1ccnc1,6.66,intermediate
CHEMBL551253,CCC(c1ccc(-c2ccc(O)c(O)c2)cc1)n1ccnc1,6.82,intermediate
CHEMBL551254,CCC(c1ccc(-c2ccc(OC)cc2)cc1)n1ccnc1,5.30,inactive
CHEMBL556280,CCC(c1ccc(-c2ccc(O)cc2)cc1F)n1ccnc1,7.05,active
CHEMBL556833,CCC(c1ccc(-c2cccc(O)c2)cc1)n1ccnc1,6.79,intermediate
CHEMBL557232,CCC(c1ccc(-c2cc(C)c(O)c(C)c2)cc1)n1ccnc1,6.42,intermediate
CHEMBL557233,CCC(c1ccc(-c2ccc(O)c(C)c2)cc1)n1ccnc1,6.58,intermediate
CHEMBL565098,CCC(c1ccc(-c2cc(O)cc(O)c2)cc1)n1ccnc1,6.71,intermediate
CHEMBL571003,CCC(c1ccc(-c2ccc(O)c(O)c2)cc1F)n1ccnc1,7.28,active
CHEMBL74606,C[C@]12CCC3C(CC=C4C[C@@H](O)CC[C@@]43C)C1CC=C2c1cnccn1,5.42,inactive
CHEMBL74661,C[C@]12CCC3C(CC=C4C[C@@H](O)CC[C@@]43C)C1CC=C2n1ccnc1,8.10,potent
CHEMBL75,CC(=O)N1CCN(c2ccc(OC[C@H]3CO[C@](Cn4ccnc4)(c4ccc(Cl)cc4Cl)O3)cc2)CC1,7.32,active
CHEMBL75474,C[C@]12CCC3C(CC=C4C[C@@H](O)CC[C@@]43C)C1CC=C2n1cnc2ccccc21,6.52,intermediate
CHEMBL76877,C=C1C[C@@]2(C)C(=CC1=O)CCC1C3CC[C@](C)(OC(C)=O)[C@@]3(C)CCC12,6.25,intermediate
CHEMBL77062,C[C@]12CCC3C(CC=C4C[C@@H](O)CC[C@@]43C)C1CC=C2c1cncnc1,6.30,intermediate
CHEMBL77288,C[C@]12CC[C@H](O)CC1=CCC1C2CC[C@]2(C)C(C/C=N/O)CCC12,6.35,intermediate
CHEMBL77751,C[C@]12CCC3C(CC=C4C[C@@H](O)CC[C@@]43C)C1CC/C2=N\NC(N)=O,6.75,intermediate
CHEMBL77789,C[C@]12CCC3C(CCC4=CC(=O)CC[C@@]43C)C1CC=C2n1cnc2ccccc21,6.04,intermediate
CHEMBL78003,C[C@]12CCC3C(CCC4=CC(=O)CC[C@@]43C)C1CC=C2n1ccnn1,7.72,active
CHEMBL78063,C[C@]12CCC3C(CC=C4C[C@@H](O)CC[C@@]43C)C1CC(=N\O)/C2=N\N,5.23,inactive
CHEMBL78108,C[C@]12CCC3C(CC=C4C[C@@H](O)CC[C@@]43C)C1CC=C2n1ccnn1,7.89,active
CHEMBL78215,C[C@]12CCC3C(CCC4=CC(=O)CC[C@@]43C)C1CC=C2c1ccno1,7.41,active
CHEMBL78222,C[C@]12CCC3C(CC=C4C[C@@H](O)CC[C@@]43C)C1CC=C2n1nnc2ccccc21,5.90,inactive
CHEMBL78322,O=c1c2ccccc2oc2c(Br)ccc(Cn3ccnc3)c12,7.38,active
CHEMBL79319,C[C@]12CCC3C(CC=C4CC(O)CC[C@@]43C)C1CC=C2Cc1ccccn1,5.00,inactive
CHEMBL79829,C[C@]12CCC3C(CC[C@H]4C[C@H](O)CC[C@]34C)C1CC=C2c1cccnc1,8.60,potent
CHEMBL80216,CC(CCC(=O)OC1CC2CC=CC1C2)[C@H]1CCC2C3CC=C4C[C@@H](O)CC[C@]4(C)C3CCC21,6.21,intermediate
CHEMBL80388,C[C@]12CCC3C(CC=C4C[C@@H](O)CC[C@@]43C)C1CC=C2n1ncnn1,5.85,inactive
CHEMBL82926,C[C@]12CCC3C(CC=C4C[C@@H](O)CC[C@@]43C)C1CC[C@@H]2c1cccnc1,7.64,active
CHEMBL84230,C[C@]12CCC3C(CC[C@H]4CC(=O)CC[C@]34C)C1CC=C2c1cccnc1,8.52,potent
CHEMBL9298,N#Cc1ccc(C2CCCc3cncn32)cc1,5.30,inactive
CHEMBL934,CC(C)(C(=O)c1cccnc1)c1cccnc1,5.00,inactive
